Nombre,Cargo,Empresa,Telefono,Email,Website,Pais,Productos,Imagen,Carpeta,Imagen_Reducida_Link,Revisar
Sayed Saleh,Trade,Agrofine Alimentos,+55 11 9844 49758,sayed@agrofine.co / Agrofine.trading@gmail.com,www.agrofine.co,Brasil,,Nacionais/agrofine_sayed_.jpg,Nacionais,"=HYPERLINK(""C:\Users\Luca Caruso\Desktop\Projetos\Case Ricex\RICEX_CRM_CARTOES\imagens_unidas\Nacionais\reducidas\agrofine_sayed_.jpg"",""Ver imagen"")",
Valnei Santos,Importer,"All Brazilian Imp. Exp. Inc (Cerpa Export, Finest Premium Beer)",Ph +1 954 523-8134 | Cell +1 954 296-3935,valnei@allbrazilian.net,www.allbrazilian.net,USA (anotado a mano),Cerveza (Cerpa Export),Nacionais/allbrazilian_.jpg,Nacionais,"=HYPERLINK(""C:\Users\Luca Caruso\Desktop\Projetos\Case Ricex\RICEX_CRM_CARTOES\imagens_unidas\Nacionais\reducidas\allbrazilian_.jpg"",""Ver imagen"")",
,Comercial,Alto da Aparecida (Carvalhos - MG),(11) 91453-7458,altodaaparecidamg@gmail.com,,Brasil,,Nacionais/altodaaparecida_.jpg,Nacionais,"=HYPERLINK(""C:\Users\Luca Caruso\Desktop\Projetos\Case Ricex\RICEX_CRM_CARTOES\imagens_unidas\Nacionais\reducidas\altodaaparecida_.jpg"",""Ver imagen"")",sí - tarjeta institucional sin nombre de contacto
Douglas Gomes de Oliveira Silva,Gerente Nacional de Vendas,AmendoPRO (Uma marca PROTEICA),(14) 99615-4906,douglas@amendopro.com.br,amendopro.com.br,Brasil,Amendoim (cacahuete),Nacionais/amendopro_.jpg,Nacionais,"=HYPERLINK(""C:\Users\Luca Caruso\Desktop\Projetos\Case Ricex\RICEX_CRM_CARTOES\imagens_unidas\Nacionais\reducidas\amendopro_.jpg"",""Ver imagen"")",
Debora Moreira Feitosa,Coordenação de Relacionamento com Clientes / Customer Relations Division,ApexBrasil,Tel: +55 (61) 2027 0559,debora.feitosa@apexbrasil.com.br,www.apexbrasil.com.br,Brasil,,Nacionais/apexbrasil_.jpg,Nacionais,"=HYPERLINK(""C:\Users\Luca Caruso\Desktop\Projetos\Case Ricex\RICEX_CRM_CARTOES\imagens_unidas\Nacionais\reducidas\apexbrasil_.jpg"",""Ver imagen"")",
Nelson José Hyppolito,Superintendente Comercial,Banco Sofisa,Cel: (55 11) 98154 9980,nhyppolito@sofisa.com.br,www.sofisa.com.br,Brasil,,Nacionais/BancoSofisa_.jpg,Nacionais,"=HYPERLINK(""C:\Users\Luca Caruso\Desktop\Projetos\Case Ricex\RICEX_CRM_CARTOES\imagens_unidas\Nacionais\reducidas\BancoSofisa_.jpg"",""Ver imagen"")",
Bruno Zonzini,,Estúdios Basement (Produtora Audiovisual e Espaço de Eventos),(11) 94731-2690,estudiosbasement@gmail.com,www.estudiosbasement.com,Brasil,,Nacionais/basement_.jpg,Nacionais,"=HYPERLINK(""C:\Users\Luca Caruso\Desktop\Projetos\Case Ricex\RICEX_CRM_CARTOES\imagens_unidas\Nacionais\reducidas\basement_.jpg"",""Ver imagen"")",
Marcos Beccarini,,Beira-Alta (desde 1937),t. +55 11 99330 0208,marcos.beccarini@beiraaltabrasil.com,beiraaltabrasil.com,Brasil,,Nacionais/beiraalta_.jpg,Nacionais,"=HYPERLINK(""C:\Users\Luca Caruso\Desktop\Projetos\Case Ricex\RICEX_CRM_CARTOES\imagens_unidas\Nacionais\reducidas\beiraalta_.jpg"",""Ver imagen"")",
,,"Box do Santista (Peixes & Frutos do Mar, +40 anos de tradição)",(13) 3261.3858 / 3261.1483 / 7803.0948 ID 129*15600,,www.boxdosantista.com.br,Brasil,Peixes e frutos do mar,Nacionais/boxdosantista_.jpg,Nacionais,"=HYPERLINK(""C:\Users\Luca Caruso\Desktop\Projetos\Case Ricex\RICEX_CRM_CARTOES\imagens_unidas\Nacionais\reducidas\boxdosantista_.jpg"",""Ver imagen"")",sí - tarjeta institucional sin nombre de contacto
Carol Coelho,,BrasFlex (Comex & Logística),81-98833-9251 | 81-3204-1544,carol.coelho@brasflexbr.com,www.brasflexbr.com,Brasil,,Nacionais/brasflex_.jpg,Nacionais,"=HYPERLINK(""C:\Users\Luca Caruso\Desktop\Projetos\Case Ricex\RICEX_CRM_CARTOES\imagens_unidas\Nacionais\reducidas\brasflex_.jpg"",""Ver imagen"")","sí - nombre de contacto tomado del email, no aparece impreso explícitamente"
João Luiz Serpa Braz,,BSCompany,+55 21 99346-8145,sale@bscompanybrasil.com,,Brasil,,Nacionais/bscompany_.jpg,Nacionais,"=HYPERLINK(""C:\Users\Luca Caruso\Desktop\Projetos\Case Ricex\RICEX_CRM_CARTOES\imagens_unidas\Nacionais\reducidas\bscompany_.jpg"",""Ver imagen"")",
M. Fernando B. da Silva,,Capsum Nigrum Ingredientes Ltda.,FONE: (11) 2545-0300,fernando@capsum.com.br,www.capsumnigrum.com.br,Brasil,,Nacionais/capsum.jpg,Nacionais,"=HYPERLINK(""C:\Users\Luca Caruso\Desktop\Projetos\Case Ricex\RICEX_CRM_CARTOES\imagens_unidas\Nacionais\reducidas\capsum.jpg"",""Ver imagen"")",
Carolina Pepice Figueiredo,Advogada (OAB/SP 452102),Carolina Pepice Advogados,(11) 989850513,carolinapepice@adv.oabsp.org.br,,Brasil,,Nacionais/carolinapepice_.jpg,Nacionais,"=HYPERLINK(""C:\Users\Luca Caruso\Desktop\Projetos\Case Ricex\RICEX_CRM_CARTOES\imagens_unidas\Nacionais\reducidas\carolinapepice_.jpg"",""Ver imagen"")",
Lucas Oliveira,Commercial manager,Cione - Companhia Industrial de Óleos do Nordeste (desde 1962),+55 85 9699.2323 | +55 85 3311.6825,lucas@cione.com.br,www.cione.com.br,Brasil,Óleos,Nacionais/cione_.jpg,Nacionais,"=HYPERLINK(""C:\Users\Luca Caruso\Desktop\Projetos\Case Ricex\RICEX_CRM_CARTOES\imagens_unidas\Nacionais\reducidas\cione_.jpg"",""Ver imagen"")",sí - nota manuscrita ilegible ('APAS 25'?)
Leonardo Seixas,Diretor Comercial,CL Transportes / New Route Transporte e Logística,Cel: 13 97410-6536 | Fixo: 13 3219-6802,leonardo@cltrans.com.br / diretoria@newroutelogistica.com.br,cltrans.com.br / newroutelogistica.com.br,Brasil,,Nacionais/cltransportes_.jpg,Nacionais,"=HYPERLINK(""C:\Users\Luca Caruso\Desktop\Projetos\Case Ricex\RICEX_CRM_CARTOES\imagens_unidas\Nacionais\reducidas\cltransportes_.jpg"",""Ver imagen"")",sí - nota manuscrita ('Vinicius Portal') sin contexto claro
,,Competec TV (Serviço Técnico Especializado - LG e Samsung),11 4117-4288,,www.competectv.com.br,Brasil,Conserto de TV,Nacionais/competec_.jpg,Nacionais,"=HYPERLINK(""C:\Users\Luca Caruso\Desktop\Projetos\Case Ricex\RICEX_CRM_CARTOES\imagens_unidas\Nacionais\reducidas\competec_.jpg"",""Ver imagen"")",sí - tarjeta institucional sin nombre de contacto
Alexis Bustelo,Sales Director,Conexa Foods (Agribusiness),Mobile (+54 911) 4042-1176 | Office (+54 11) 4871-7700,abustelo@conexafoods.com,www.conexafoods.com,Argentina,,Nacionais/conexa_.jpg,Nacionais,"=HYPERLINK(""C:\Users\Luca Caruso\Desktop\Projetos\Case Ricex\RICEX_CRM_CARTOES\imagens_unidas\Nacionais\reducidas\conexa_.jpg"",""Ver imagen"")",
Cesar Augusto Vazquez,Managing Director,COPA Logística Internacional,Phone: +55 (11) 3805.1070 | Mobile: +55 (11) 99219.7687,vazquez@copalogistica.com.br,www.copalogistica.com.br,Brasil,,Nacionais/copa_cesar_.jpg,Nacionais,"=HYPERLINK(""C:\Users\Luca Caruso\Desktop\Projetos\Case Ricex\RICEX_CRM_CARTOES\imagens_unidas\Nacionais\reducidas\copa_cesar_.jpg"",""Ver imagen"")",
Tulio Dias,Sales Executive,COPA Logística Internacional,Phone: +55 (11) 3805.1070 | Mobile: +55 (11) 95091.7374,tulio.dias@copalogistica.com.br,www.copalogistica.com.br,Brasil,,Nacionais/copa_tulio_.jpg,Nacionais,"=HYPERLINK(""C:\Users\Luca Caruso\Desktop\Projetos\Case Ricex\RICEX_CRM_CARTOES\imagens_unidas\Nacionais\reducidas\copa_tulio_.jpg"",""Ver imagen"")",
Lenice Maria Santos Oliveira,,Daniele Banco,+55 (11) 3511-1333 | +55 (11) 95071-1770 (anotado a mano: Cel 989848142),lenice.oliveira@danielebanco.com.br,danielebanco.com.br,Brasil,,Nacionais/danielebanco_.jpg,Nacionais,"=HYPERLINK(""C:\Users\Luca Caruso\Desktop\Projetos\Case Ricex\RICEX_CRM_CARTOES\imagens_unidas\Nacionais\reducidas\danielebanco_.jpg"",""Ver imagen"")",
Cristobal Cabrera Filho,Comercio Exterior e Regionais / International Trade Manager,Dia % (Marca Própria),Tel: +55-11-3886-8038 | Cel: +55-11-97601-3987,cristobal.cabrera@diagroup.com,www.diacorporate.com,Brasil,,Nacionais/diagroup.jpg,Nacionais,"=HYPERLINK(""C:\Users\Luca Caruso\Desktop\Projetos\Case Ricex\RICEX_CRM_CARTOES\imagens_unidas\Nacionais\reducidas\diagroup.jpg"",""Ver imagen"")",
Daniel Carbajal,Diretor - Franqueado da Doutores da Web,Doutores da Web (Marketing digital),+55 (11) 93800-2155 | +55 (11) 4862-1063,daniel.carbajal.doutoresdaweb@gmail.com,www.doutoresdaweb.com.br,Brasil,,Nacionais/doutoresdaweb_.jpg,Nacionais,"=HYPERLINK(""C:\Users\Luca Caruso\Desktop\Projetos\Case Ricex\RICEX_CRM_CARTOES\imagens_unidas\Nacionais\reducidas\doutoresdaweb_.jpg"",""Ver imagen"")",
Hugo Funaro,,Dias de Souza Advogados Associados,Tel.: 55 11 3069.4277,hugo.funaro@dsa.com.br,,Brasil,,Nacionais/dsa.jpg,Nacionais,"=HYPERLINK(""C:\Users\Luca Caruso\Desktop\Projetos\Case Ricex\RICEX_CRM_CARTOES\imagens_unidas\Nacionais\reducidas\dsa.jpg"",""Ver imagen"")",
Henrique Lizot,,Easter (Vinhos),11 5531 1182 | 11 99329 6048,henrique@eastervinhos.com.br,www.eastervinhos.com.br,Brasil,Vinhos,Nacionais/easter_.jpg,Nacionais,"=HYPERLINK(""C:\Users\Luca Caruso\Desktop\Projetos\Case Ricex\RICEX_CRM_CARTOES\imagens_unidas\Nacionais\reducidas\easter_.jpg"",""Ver imagen"")",
Eduardo Meireles,Diretor Comercial,Agência 360 VC (Digital - Trade - Eventos),(11) 96174-7783,eduardo@agencia360vc.com,www.agencia360vc.com,Brasil,,Nacionais/eduardomeirelles_.jpg,Nacionais,"=HYPERLINK(""C:\Users\Luca Caruso\Desktop\Projetos\Case Ricex\RICEX_CRM_CARTOES\imagens_unidas\Nacionais\reducidas\eduardomeirelles_.jpg"",""Ver imagen"")",
Ricardo Veiga,Comercial,ELO Soluções Logísticas Integradas,47 3065.1251 | (11) 99611.5107,ricardo.veiga@eloarmazenagem.com.br,eloarmazenagem.com.br,Brasil,,Nacionais/elo_.jpg,Nacionais,"=HYPERLINK(""C:\Users\Luca Caruso\Desktop\Projetos\Case Ricex\RICEX_CRM_CARTOES\imagens_unidas\Nacionais\reducidas\elo_.jpg"",""Ver imagen"")",
Mario Sergio S. Rodrigues,,"Empório Frei Caneca (Bebidas do Mundo, Shopping Frei Caneca)",11 99948.5680 | Fone: 11 3472 2082,mariosep@freicanecashopping.com.br,www.emporiofreicaneca.com.br,Brasil,Bebidas,Nacionais/emporiofreicaneca.jpg,Nacionais,"=HYPERLINK(""C:\Users\Luca Caruso\Desktop\Projetos\Case Ricex\RICEX_CRM_CARTOES\imagens_unidas\Nacionais\reducidas\emporiofreicaneca.jpg"",""Ver imagen"")",
Cristhiane e Isaac,Administrador e Gestor Financeiro,Estância Vó Zilda (Sabor do campo em sua mesa),(67) 98456-5363,,,Brasil,Queijos,Nacionais/estanciavozilda_.jpg,Nacionais,"=HYPERLINK(""C:\Users\Luca Caruso\Desktop\Projetos\Case Ricex\RICEX_CRM_CARTOES\imagens_unidas\Nacionais\reducidas\estanciavozilda_.jpg"",""Ver imagen"")","sí - dos nombres de pila juntos, sin apellidos ni email"
Marco Zanette,Sócio - Assessor de Investimentos,Farol Capital Investimentos (Agente Autônomo de Investimentos - XP Investimentos),+55 (11) 9 7952-6000,marco.zanette@farolcapital.com.br,www.farolcapital.com.br,Brasil,,Nacionais/farol_.jpg,Nacionais,"=HYPERLINK(""C:\Users\Luca Caruso\Desktop\Projetos\Case Ricex\RICEX_CRM_CARTOES\imagens_unidas\Nacionais\reducidas\farol_.jpg"",""Ver imagen"")",
Joaquim / Ricardo,,Fazenda Generosa (Andrelândia - MG),(11) 97772-5335 - Joaquim | (32) 99115-8280 - Ricardo,,,Brasil,"Queijo Minas Lendário Meia Cura (Medalha de Ouro ExpoQueijo Brasil 2021, Araxá Internacional Cheese Awards)",Nacionais/fazendagenerosa_.jpg,Nacionais,"=HYPERLINK(""C:\Users\Luca Caruso\Desktop\Projetos\Case Ricex\RICEX_CRM_CARTOES\imagens_unidas\Nacionais\reducidas\fazendagenerosa_.jpg"",""Ver imagen"")","sí - dos nombres de contacto sin apellidos, sin poder determinar cuál es el principal"
Borja Fernández,Internacionalización y Política Comercial,FIAB (Spanish Food and Drink Industry Federation),+34 91 411 72 11 - ext. 3042,b.fernandez@fiab.es,fiab.es,España,,Nacionais/fiab_.jpg,Nacionais,"=HYPERLINK(""C:\Users\Luca Caruso\Desktop\Projetos\Case Ricex\RICEX_CRM_CARTOES\imagens_unidas\Nacionais\reducidas\fiab_.jpg"",""Ver imagen"")",
Mateus Fuhr,Comercial,Flowbar (Naturais),(51) 98118-2866,contato@flowbar.com.br,,Brasil,Barra Cereal (anotado a mano),Nacionais/flowbar_.jpg,Nacionais,"=HYPERLINK(""C:\Users\Luca Caruso\Desktop\Projetos\Case Ricex\RICEX_CRM_CARTOES\imagens_unidas\Nacionais\reducidas\flowbar_.jpg"",""Ver imagen"")",
Fred Lemos,Gerente Comercial Sul/Sudeste,FTRADE Brasil (Soluções em Comércio Exterior),WhatsApp 11 9 7570-8683,fred.lemos@ftrade.com.br,ftrade.com.br | fortallog.com.br,Brasil,,Nacionais/ftrade_.jpg,Nacionais,"=HYPERLINK(""C:\Users\Luca Caruso\Desktop\Projetos\Case Ricex\RICEX_CRM_CARTOES\imagens_unidas\Nacionais\reducidas\ftrade_.jpg"",""Ver imagen"")",
Cesar Saber,,"Incuba Pack (Embalagem Faz Negócio, Serviços de Envase)",(11) 98115-5300,cesar@incubapack.com.br,incubapack.com.br,Brasil,,Nacionais/incubapack.jpg,Nacionais,"=HYPERLINK(""C:\Users\Luca Caruso\Desktop\Projetos\Case Ricex\RICEX_CRM_CARTOES\imagens_unidas\Nacionais\reducidas\incubapack.jpg"",""Ver imagen"")",
Eric Behs,,"Invista (Plataforma Empresas, C6 Bank)",Tel +55 11 3058 6300 | Cel +55 11 98650-5215,ericb@invistafidc.com.br,www.invistafidc.com.br,Brasil,,Nacionais/invista_.jpg,Nacionais,"=HYPERLINK(""C:\Users\Luca Caruso\Desktop\Projetos\Case Ricex\RICEX_CRM_CARTOES\imagens_unidas\Nacionais\reducidas\invista_.jpg"",""Ver imagen"")",
James Alberto Faria,,InvistaFIDC,Tel 55 11 3058-6300 | Cel 55 11 98175-6686,jamesf@invistafidc.com.br,www.invistafidc.com.br,Brasil,,Nacionais/invistafidic.jpg,Nacionais,"=HYPERLINK(""C:\Users\Luca Caruso\Desktop\Projetos\Case Ricex\RICEX_CRM_CARTOES\imagens_unidas\Nacionais\reducidas\invistafidic.jpg"",""Ver imagen"")",
Diego Trevizan,,"Jeito de Mato (Queijo Artesanal, desde 2014)",WhatsApp 17 99702.6383,,Instagram @queijariajeitodmato,Brasil,Queijo artesanal,Nacionais/jeitodemar_.jpg,Nacionais,"=HYPERLINK(""C:\Users\Luca Caruso\Desktop\Projetos\Case Ricex\RICEX_CRM_CARTOES\imagens_unidas\Nacionais\reducidas\jeitodemar_.jpg"",""Ver imagen"")",
Débora Herrero,,"Jeito de Mato (Queijo Artesanal, desde 2014)",WhatsApp 17 99615.2576,,Instagram @queijariajeitodmato,Brasil,Queijo artesanal,Nacionais/jeitodemar_.jpg,Nacionais,"=HYPERLINK(""C:\Users\Luca Caruso\Desktop\Projetos\Case Ricex\RICEX_CRM_CARTOES\imagens_unidas\Nacionais\reducidas\jeitodemar_.jpg"",""Ver imagen"")",
Kleber Santos,Comercial,KSE (Importação e Distribuição),+55 (11) 2539 0275 | +55 (11) 99474 0939,kleber@ksebr.com.br,www.ksebr.com.br,Brasil,,Nacionais/kse_.jpg,Nacionais,"=HYPERLINK(""C:\Users\Luca Caruso\Desktop\Projetos\Case Ricex\RICEX_CRM_CARTOES\imagens_unidas\Nacionais\reducidas\kse_.jpg"",""Ver imagen"")","sí - nota manuscrita 'Ricardo' sin datos de contacto asociados, ambiguo"
Gabriele Arruda,,Lotus,T. 11 2385-1016 | C. 11 96553-3735,gabriele.arruda@lotus.com.br,www.lotus.com.br,Brasil,,Nacionais/lotus_.jpg,Nacionais,"=HYPERLINK(""C:\Users\Luca Caruso\Desktop\Projetos\Case Ricex\RICEX_CRM_CARTOES\imagens_unidas\Nacionais\reducidas\lotus_.jpg"",""Ver imagen"")",
Simone C. Ferreira,,Lotus,T. 11 2385-1016 | C. 11 96764-2820,simone@lotus.com.br,www.lotus.com.br,Brasil,,Nacionais/lotus_simone_.jpg,Nacionais,"=HYPERLINK(""C:\Users\Luca Caruso\Desktop\Projetos\Case Ricex\RICEX_CRM_CARTOES\imagens_unidas\Nacionais\reducidas\lotus_simone_.jpg"",""Ver imagen"")",
Larissa A. Cunha Barriento,Foreign Trade Analyst,Marilan,Ph.: +55 14 2105 6060,larissa.barriento@marilan.com / sales@marilan.com,www.marilan.com,Brasil,,Nacionais/marilan_.jpg,Nacionais,"=HYPERLINK(""C:\Users\Luca Caruso\Desktop\Projetos\Case Ricex\RICEX_CRM_CARTOES\imagens_unidas\Nacionais\reducidas\marilan_.jpg"",""Ver imagen"")",
Ignacio Aguilar,Sales Manager,MCM Foods (a global foods company),(+56 9) 9837 5137,sales@mcmfoods.com,www.mcmfoods.com,Chile,,Nacionais/mcmfoods_.jpg,Nacionais,"=HYPERLINK(""C:\Users\Luca Caruso\Desktop\Projetos\Case Ricex\RICEX_CRM_CARTOES\imagens_unidas\Nacionais\reducidas\mcmfoods_.jpg"",""Ver imagen"")",
Vanessa Palozzi,,Mulheres de Quarenta,11 97214.5524,mrkt.mulheresdequarenta@gmail.com,www.mulheresdequarenta.com.br,Brasil,,Nacionais/mdq_.jpg,Nacionais,"=HYPERLINK(""C:\Users\Luca Caruso\Desktop\Projetos\Case Ricex\RICEX_CRM_CARTOES\imagens_unidas\Nacionais\reducidas\mdq_.jpg"",""Ver imagen"")","sí - nombre solo manuscrito, no impreso en la tarjeta"
,,Marques e Marques (Funilaria e Pintura Automotiva),(11) 93756-8428 | (11) 5535-1903 | (11) 5564-9898,,www.oficinamarques.com.br,Brasil,,Nacionais/mem_.jpg,Nacionais,"=HYPERLINK(""C:\Users\Luca Caruso\Desktop\Projetos\Case Ricex\RICEX_CRM_CARTOES\imagens_unidas\Nacionais\reducidas\mem_.jpg"",""Ver imagen"")",sí - tarjeta institucional sin nombre de contacto
,,"Militão da Canastra - Queijo do Reginaldo (Fazenda Campo Belo, Medeiros - MG)",(37) 98836.1790,militaodacanastra@gmail.com,,Brasil,Queijo Canastra artesanal,Nacionais/militaodacanastra_.jpg,Nacionais,"=HYPERLINK(""C:\Users\Luca Caruso\Desktop\Projetos\Case Ricex\RICEX_CRM_CARTOES\imagens_unidas\Nacionais\reducidas\militaodacanastra_.jpg"",""Ver imagen"")","sí - folleto institucional, mismo contacto que militaodacanastra_reginaldo_.jpg"
Reginaldo Miranda,Produtor - Região da Canastra,Militão da Canastra (Fazenda Campo Belo),(37) 98836.1790,militaodacanastra@gmail.com,,Brasil,Queijo Canastra artesanal,Nacionais/militaodacanastra_reginaldo_.jpg,Nacionais,"=HYPERLINK(""C:\Users\Luca Caruso\Desktop\Projetos\Case Ricex\RICEX_CRM_CARTOES\imagens_unidas\Nacionais\reducidas\militaodacanastra_reginaldo_.jpg"",""Ver imagen"")",
Daniel Han Sol Kim,Sales Analyst | International Trading Desk,Mirae Asset (Brasil) CCTVM,T (11) 2789 2171 | M (11) 97553 2155,daniel.kim@miraeinvest.com.br / mesainternacional@miraeinvest.com.br,,Brasil,,Nacionais/miraeasset_.jpg,Nacionais,"=HYPERLINK(""C:\Users\Luca Caruso\Desktop\Projetos\Case Ricex\RICEX_CRM_CARTOES\imagens_unidas\Nacionais\reducidas\miraeasset_.jpg"",""Ver imagen"")",
Patricia Vale,,Multiplica (Crédito & Investimento),T (11) 2578-5628 | C (11) 9 8648-2668,patricia.vale@grupomultiplica.com.br,www.grupomultiplica.com.br,Brasil,,Nacionais/multiplica_.jpg,Nacionais,"=HYPERLINK(""C:\Users\Luca Caruso\Desktop\Projetos\Case Ricex\RICEX_CRM_CARTOES\imagens_unidas\Nacionais\reducidas\multiplica_.jpg"",""Ver imagen"")",
,,Norma Audi Consultoria Empresarial,PH: 55 11 99931.5712 | FAX: 55 11 5561.8022,norma.audi@uol.com.br,,Brasil,,Nacionais/normaaudi_.jpg,Nacionais,"=HYPERLINK(""C:\Users\Luca Caruso\Desktop\Projetos\Case Ricex\RICEX_CRM_CARTOES\imagens_unidas\Nacionais\reducidas\normaaudi_.jpg"",""Ver imagen"")",sí - tarjeta sin nombre de contacto impreso explícitamente (solo nombre de empresa/email)
Jailson de Souza,Consultor de Negócio,"Norte Sul (Transporte, Armazenagem, Distribuição)",(81) 3092.7878 | Tim 9 9976-8899,jailson@nortesullogistica.com.br,www.nortesullogistica.com.br,Brasil,,Nacionais/nortesul_.jpg,Nacionais,"=HYPERLINK(""C:\Users\Luca Caruso\Desktop\Projetos\Case Ricex\RICEX_CRM_CARTOES\imagens_unidas\Nacionais\reducidas\nortesul_.jpg"",""Ver imagen"")",
Fábio Gomes de Faria Delfino,Vendedor,NPZanchetta Cerealista,WhatsApp 16 99704-0687,atendimento@npzanchetta.com.br,www.npzanchetta.com.br,Brasil,Amendoim (anotado a mano),Nacionais/npzanchetta.jpg,Nacionais,"=HYPERLINK(""C:\Users\Luca Caruso\Desktop\Projetos\Case Ricex\RICEX_CRM_CARTOES\imagens_unidas\Nacionais\reducidas\npzanchetta.jpg"",""Ver imagen"")",
Francisco Homsi,Diretor Comercial / Commercial Director,Oba Hortifruti (Grupo Fartura de Hortifruti Ltda),+55 19 99696-4879,francisco.homsi@redeoba.com.br,www.obahortifruti.com.br,Brasil,,Nacionais/oba_.jpg,Nacionais,"=HYPERLINK(""C:\Users\Luca Caruso\Desktop\Projetos\Case Ricex\RICEX_CRM_CARTOES\imagens_unidas\Nacionais\reducidas\oba_.jpg"",""Ver imagen"")",
Elias J. Andrade,,E.Andrade International Trade and Business / OBAI Comercio Internacional,WhatsApp (15) 99762-9696,eandrade.importexport@gmail.com,,Brasil,,Nacionais/obai_.jpg,Nacionais,"=HYPERLINK(""C:\Users\Luca Caruso\Desktop\Projetos\Case Ricex\RICEX_CRM_CARTOES\imagens_unidas\Nacionais\reducidas\obai_.jpg"",""Ver imagen"")",
Geraldo Maciel Jr.,Diretor,Paladar de Minas,32 9 8417-3407,diretor@paladardeminas.com.br,www.paladardeminas.com.br,Brasil,,Nacionais/paladardeminas_.jpg,Nacionais,"=HYPERLINK(""C:\Users\Luca Caruso\Desktop\Projetos\Case Ricex\RICEX_CRM_CARTOES\imagens_unidas\Nacionais\reducidas\paladardeminas_.jpg"",""Ver imagen"")",
Glaucienne Lanna Gonçalves Maciel,Diretora,Paladar de Minas,32 9 8409-6554,diretora@paladardeminas.com.br,www.paladardeminas.com.br,Brasil,,Nacionais/paladardeminas_.jpg,Nacionais,"=HYPERLINK(""C:\Users\Luca Caruso\Desktop\Projetos\Case Ricex\RICEX_CRM_CARTOES\imagens_unidas\Nacionais\reducidas\paladardeminas_.jpg"",""Ver imagen"")",
Marcos Tateishi,Gerente Comercial,Grupo Piracanjuba,Tel.: +55 (62) 3946-8300 | (62) 9 9942-6795,marcos.tateishi@piracanjuba.com.br,www.grupopiracanjuba.com.br,Brasil,,Nacionais/piracanjuba.jpg,Nacionais,"=HYPERLINK(""C:\Users\Luca Caruso\Desktop\Projetos\Case Ricex\RICEX_CRM_CARTOES\imagens_unidas\Nacionais\reducidas\piracanjuba.jpg"",""Ver imagen"")",
Diego Lima,,Planefisco (Planejamento e Consultoria),(11) 9 8114-2727 | (11) 5112-9200,diego@planefisco.com.br,,Brasil,,Nacionais/planefisco_.jpg,Nacionais,"=HYPERLINK(""C:\Users\Luca Caruso\Desktop\Projetos\Case Ricex\RICEX_CRM_CARTOES\imagens_unidas\Nacionais\reducidas\planefisco_.jpg"",""Ver imagen"")",
Mariana Nobrega,Gerente Comercial,Portão de Cambuí,WhatsApp 35 99924-7786,comercial@portaodecambui.com.br,portaodecambui.com.br,Brasil,,Nacionais/portaodecambui_.jpg,Nacionais,"=HYPERLINK(""C:\Users\Luca Caruso\Desktop\Projetos\Case Ricex\RICEX_CRM_CARTOES\imagens_unidas\Nacionais\reducidas\portaodecambui_.jpg"",""Ver imagen"")",
Adriano Cabral,,Qualitá Trade,+55 41 8403-2860,qualita@qualitatrade.com,www.qualitatrade.com,Brasil,,Nacionais/qualita.jpg,Nacionais,"=HYPERLINK(""C:\Users\Luca Caruso\Desktop\Projetos\Case Ricex\RICEX_CRM_CARTOES\imagens_unidas\Nacionais\reducidas\qualita.jpg"",""Ver imagen"")",
,,Queijaria Bella Vista,WhatsApp 14 99762-1498,,Instagram @queijariabellavista,Brasil,Queijo,Nacionais/queijariabellavista.jpg,Nacionais,"=HYPERLINK(""C:\Users\Luca Caruso\Desktop\Projetos\Case Ricex\RICEX_CRM_CARTOES\imagens_unidas\Nacionais\reducidas\queijariabellavista.jpg"",""Ver imagen"")",sí - tarjeta institucional sin nombre de contacto
Alessandra Nogueira,,Rangel Logística Brasil (Rangel Logistics Solutions),M. (+55)(11) 97596 0770 | T. (+55)(11) 2849 7992,alessandra.nogueira@rangel.com,www.rangel.com,Brasil,,Nacionais/rangel_.jpg,Nacionais,"=HYPERLINK(""C:\Users\Luca Caruso\Desktop\Projetos\Case Ricex\RICEX_CRM_CARTOES\imagens_unidas\Nacionais\reducidas\rangel_.jpg"",""Ver imagen"")",
Rafael Borlenghi Ruas,,RBR Transporte & Logística,WhatsApp 11 99644-3808,rafael@rbrtransportes.com,www.rbrtransportes.com,Brasil,,Nacionais/rbr_.jpg,Nacionais,"=HYPERLINK(""C:\Users\Luca Caruso\Desktop\Projetos\Case Ricex\RICEX_CRM_CARTOES\imagens_unidas\Nacionais\reducidas\rbr_.jpg"",""Ver imagen"")",sí - nota manuscrita ilegible ('Transp. AFE'?) sin contexto claro
Rubens Reginatto Junior,Diretor,Reginatto Assessoria Empresarial,11 3467 3742 | 11 98291 6062,rubens@reginattoassessoria.com.br,www.reginattoassessoria.com.br,Brasil,,Nacionais/reginatto_.jpg,Nacionais,"=HYPERLINK(""C:\Users\Luca Caruso\Desktop\Projetos\Case Ricex\RICEX_CRM_CARTOES\imagens_unidas\Nacionais\reducidas\reginatto_.jpg"",""Ver imagen"")",
Leonardo Alvarez,Comercial,Associação Ricoy,(11) 9 6080-4411 | (11) 4010-0176,leonardo.alvarez@ricoy.com.br,www.ricoy.com.br,Brasil,,Nacionais/ricoy_.jpg,Nacionais,"=HYPERLINK(""C:\Users\Luca Caruso\Desktop\Projetos\Case Ricex\RICEX_CRM_CARTOES\imagens_unidas\Nacionais\reducidas\ricoy_.jpg"",""Ver imagen"")",
Clarice Nagata,"Account Coordinator - Trade & Regulatory Affairs, South America Representative",River Global (Official USDEC Representative in South America),Phone: +55 11 2528-5829 | Cell: +55 11 99716-1919,cnagata@riverglobal.net,www.riverglobal.net,Brasil,Dairy (U.S. Dairy Export Council - USDEC),Nacionais/riverglobal_.jpg,Nacionais,"=HYPERLINK(""C:\Users\Luca Caruso\Desktop\Projetos\Case Ricex\RICEX_CRM_CARTOES\imagens_unidas\Nacionais\reducidas\riverglobal_.jpg"",""Ver imagen"")",
Clarice Nagata,Regulatory Affairs,River Global (Your Partner in South America),+55 11 2528-5829,cnagata@riverglobal.net,www.riverglobal.net,Brasil,,Nacionais/riverglobal_clarice_.jpg,Nacionais,"=HYPERLINK(""C:\Users\Luca Caruso\Desktop\Projetos\Case Ricex\RICEX_CRM_CARTOES\imagens_unidas\Nacionais\reducidas\riverglobal_clarice_.jpg"",""Ver imagen"")",sí - posible fotografía duplicada de otra tarjeta de Clarice Nagata (riverglobal_.jpg)
Leonardo Silveira,Trade & Marketing,River Global (A full-service trade and marketing consulting company),t: +55 11 3051-9080 | c: +55 11 99667-6610,lsilveira@riverglobal.net,www.riverglobal.net,Brasil,,Nacionais/riverglobal_leonardo_.jpg,Nacionais,"=HYPERLINK(""C:\Users\Luca Caruso\Desktop\Projetos\Case Ricex\RICEX_CRM_CARTOES\imagens_unidas\Nacionais\reducidas\riverglobal_leonardo_.jpg"",""Ver imagen"")",
,,Família Rossato (O Sabor da Fazenda - Produto Artesanal),15 99789-1835,,,Brasil,Queijo artesanal,Nacionais/rossato.jpg,Nacionais,"=HYPERLINK(""C:\Users\Luca Caruso\Desktop\Projetos\Case Ricex\RICEX_CRM_CARTOES\imagens_unidas\Nacionais\reducidas\rossato.jpg"",""Ver imagen"")","sí - tarjeta/sello institucional sin nombre de contacto, texto manuscrito parcialmente ilegible"
Marcos Ribeiro Rossilho,,Rossilho & Advogados Associados,19 99604.6566,marcos@rossilho.adv.br,www.rossilho.adv.br,Brasil,,Nacionais/rossilho_.jpg,Nacionais,"=HYPERLINK(""C:\Users\Luca Caruso\Desktop\Projetos\Case Ricex\RICEX_CRM_CARTOES\imagens_unidas\Nacionais\reducidas\rossilho_.jpg"",""Ver imagen"")",
Lucas M. Freire Rossilho,,Rossilho & Advogados Associados,19 98135.4423,lucas@rossilho.adv.br,www.rossilho.adv.br,Brasil,,Nacionais/rossilho_lucas_.jpg,Nacionais,"=HYPERLINK(""C:\Users\Luca Caruso\Desktop\Projetos\Case Ricex\RICEX_CRM_CARTOES\imagens_unidas\Nacionais\reducidas\rossilho_lucas_.jpg"",""Ver imagen"")",
Ricardo Leal,,R Trade (Food Trader),+55 (21) 99809-7709 | +55 (21) 3546-0869,rtrade@terra.com.br,www.rtrade.net.br,Brasil,,Nacionais/rtrade_.jpg,Nacionais,"=HYPERLINK(""C:\Users\Luca Caruso\Desktop\Projetos\Case Ricex\RICEX_CRM_CARTOES\imagens_unidas\Nacionais\reducidas\rtrade_.jpg"",""Ver imagen"")",
Cesar Saber,,SaberPack (Sistemas de Embalagem),(11) 98115-5300,cesar@saberpack.com.br,saberpack.com.br,Brasil,,Nacionais/saberpack_cesar.jpg,Nacionais,"=HYPERLINK(""C:\Users\Luca Caruso\Desktop\Projetos\Case Ricex\RICEX_CRM_CARTOES\imagens_unidas\Nacionais\reducidas\saberpack_cesar.jpg"",""Ver imagen"")",
Ryan Gillespie,Vice President of Marketing,Sartori,920.449.7964 office | 608.335.2301 cell,rgillespie@sartoricheese.com,www.sartoricheese.com,USA,Queso,Nacionais/sartori_ryan_.jpg,Nacionais,"=HYPERLINK(""C:\Users\Luca Caruso\Desktop\Projetos\Case Ricex\RICEX_CRM_CARTOES\imagens_unidas\Nacionais\reducidas\sartori_ryan_.jpg"",""Ver imagen"")",
Sam Allison,Director of Global Sales,Sartori,+1.920.449.7937 office | +1.920.207.9912 cell,sallison@sartoricheese.com,www.sartoricheese.com,USA,Queso,Nacionais/sartori_sam_.jpg,Nacionais,"=HYPERLINK(""C:\Users\Luca Caruso\Desktop\Projetos\Case Ricex\RICEX_CRM_CARTOES\imagens_unidas\Nacionais\reducidas\sartori_sam_.jpg"",""Ver imagen"")",
Claudio Sillos,,Grupo Sifra,+55 11 5091-4800 | +55 11 3512-3600 | +55 11 97677-3100,crsillos@gruposifra.com.br,gruposifra.com.br,Brasil,,Nacionais/sifra_.jpg,Nacionais,"=HYPERLINK(""C:\Users\Luca Caruso\Desktop\Projetos\Case Ricex\RICEX_CRM_CARTOES\imagens_unidas\Nacionais\reducidas\sifra_.jpg"",""Ver imagen"")",
Eduardo Falcão de Carvalho,Diretor Presidente,Estância Silvania (SilvaniA2 Laticínios Artesanais - Gir Leiteiro PO),WhatsApp +55 12 99713-7144,estanciasilvania@gmail.com,www.estanciasilvania.com.br,Brasil,Laticínios artesanais (queijos),Nacionais/silvania_.jpg,Nacionais,"=HYPERLINK(""C:\Users\Luca Caruso\Desktop\Projetos\Case Ricex\RICEX_CRM_CARTOES\imagens_unidas\Nacionais\reducidas\silvania_.jpg"",""Ver imagen"")",
Ana Maria de Araujo,Depto. Comercial,Sul Atlântico Transportes (SABRA),Telefone/WhatsApp (11) 3123-4500,comercial@sulatlantico.com.br,www.sulatlantico.com.br,Brasil,,Nacionais/sulatlantico_.jpg,Nacionais,"=HYPERLINK(""C:\Users\Luca Caruso\Desktop\Projetos\Case Ricex\RICEX_CRM_CARTOES\imagens_unidas\Nacionais\reducidas\sulatlantico_.jpg"",""Ver imagen"")",
Eduardo Bandeira,Diretor Comercial,Terra Brasil Doces Premium,(19) 9 9772-3369,eduardo.bandeira@biofun.com.br,www.terrabrasildoces.com.br,Brasil,Doces de banana,Nacionais/terrabrasil_.jpg,Nacionais,"=HYPERLINK(""C:\Users\Luca Caruso\Desktop\Projetos\Case Ricex\RICEX_CRM_CARTOES\imagens_unidas\Nacionais\reducidas\terrabrasil_.jpg"",""Ver imagen"")",
Jéssica Toledo,Executiva de Soluções de Negócios,TOTVS,+55 11 99564 4965,jessica.toledo@totvs.com.br,,Brasil,,Nacionais/totvs.jpg,Nacionais,"=HYPERLINK(""C:\Users\Luca Caruso\Desktop\Projetos\Case Ricex\RICEX_CRM_CARTOES\imagens_unidas\Nacionais\reducidas\totvs.jpg"",""Ver imagen"")",
Federica Sanfilippo,,Transitex Italia S.R.L. (Yilport Holding Inc.),Tel. +39 010 24 61 127 | Telm. +39 392 99 57 938,federica.sanfilippo@transitex.it,www.transitex.com,Italia,,Nacionais/transitex_federica.jpg,Nacionais,"=HYPERLINK(""C:\Users\Luca Caruso\Desktop\Projetos\Case Ricex\RICEX_CRM_CARTOES\imagens_unidas\Nacionais\reducidas\transitex_federica.jpg"",""Ver imagen"")",
Ricardo Baraldi,,Transitex do Brasil Serv. Logística Ltda (Yilport Holding Inc.),Tel.: +55 11 3262-1815 | Cel.: +55 11 94000-9488,ricardo@transitex.com.br,www.transitex.com,Brasil,,Nacionais/transitex.jpg,Nacionais,"=HYPERLINK(""C:\Users\Luca Caruso\Desktop\Projetos\Case Ricex\RICEX_CRM_CARTOES\imagens_unidas\Nacionais\reducidas\transitex.jpg"",""Ver imagen"")",
Carolina Nascimento,"Associate Partner, South America Representative",U.S. Dairy Export Council (River Global),Phone: +55 11 3051-9080 | Cell: +55 11 97618-0831,cnascimento@riverglobal.net,www.usdec.org,Brasil,Dairy,Nacionais/usdec_.jpg,Nacionais,"=HYPERLINK(""C:\Users\Luca Caruso\Desktop\Projetos\Case Ricex\RICEX_CRM_CARTOES\imagens_unidas\Nacionais\reducidas\usdec_.jpg"",""Ver imagen"")",
Miguel Coutinho,Coord. Comercial,Usibras (Dunorte),+55 (85) 4006.8900 | WhatsApp +55 (11) 94547.3268,miguel.coutinho@dunorte.com,www.usibras.com,Brasil,"Castanha de caju (Cajueiro, Cajumil, Dunorte, Love Nuts)",Nacionais/usibras_.jpg,Nacionais,"=HYPERLINK(""C:\Users\Luca Caruso\Desktop\Projetos\Case Ricex\RICEX_CRM_CARTOES\imagens_unidas\Nacionais\reducidas\usibras_.jpg"",""Ver imagen"")",
