Nombre;Cargo;Empresa;Telefono;Email;Website;Pais;Productos;Imagen;Carpeta;Imagen_Reducida_Link;Revisar
Diego Galvez Martín;General Manager;Agritrade;(+51)(1) 239 8711 | (+51) 992 527 070;dgalvez@agritradeperu.com;www.agritradeperu.com;Perú;;America do Sul/agritrade_.jpg;America do Sul;"=HYPERLINK(""C:\Users\Luca Caruso\Desktop\Projetos\Case Ricex\RICEX_CRM_CARTOES\imagens_unidas\America do Sul\reducidas\agritrade_.jpg"",""Ver imagen"")";"sí - nota manuscrita en el frente parcialmente ilegible (posible ""Cacaos Nuts Peru"")"
Jorge Fernández G.;Gerente General / General Manager;Agro Fergi;(+51) 997 564 425;jfernando@agrofergi.com.pe;www.agrofergi.com.pe;Perú;;America do Sul/agrofergi_.jpg;America do Sul;"=HYPERLINK(""C:\Users\Luca Caruso\Desktop\Projetos\Case Ricex\RICEX_CRM_CARTOES\imagens_unidas\America do Sul\reducidas\agrofergi_.jpg"",""Ver imagen"")";
Emilio Jose Farah;Gerente General;AgroFino;+511 264 1856 | +51 999 682 721 | RPM: #999682721;ejfarah@agrofino.com.pe;www.agrofino.com.pe;;;America do Sul/agrofino_.jpg;America do Sul;"=HYPERLINK(""C:\Users\Luca Caruso\Desktop\Projetos\Case Ricex\RICEX_CRM_CARTOES\imagens_unidas\America do Sul\reducidas\agrofino_.jpg"",""Ver imagen"")";
Marisol Churata Serrano;Gerente Comercial;Agroliva;956 561 600;ventas@agroliva.com.pe;www.agroliva.com.pe;Perú;Aceitunas;America do Sul/agroliva_.jpg;America do Sul;"=HYPERLINK(""C:\Users\Luca Caruso\Desktop\Projetos\Case Ricex\RICEX_CRM_CARTOES\imagens_unidas\America do Sul\reducidas\agroliva_.jpg"",""Ver imagen"")";
Fernando Ramos;Manager / Export Dairy Board APYMEL;APYMEL (SME Dairy Association);(011) 15 5563 2716 | +54 9 11 5563 2716;exportacion@apymel.com.ar;;;Lácteos (Dairy);America do Sul/apymel.jpg;America do Sul;"=HYPERLINK(""C:\Users\Luca Caruso\Desktop\Projetos\Case Ricex\RICEX_CRM_CARTOES\imagens_unidas\America do Sul\reducidas\apymel.jpg"",""Ver imagen"")";
Silvina Santi;Export Manager;Bodega RFM;+54 (261) 4910459 - (261) 4912458 | +54 9 261 5454993;comex@bodegarfm.com.ar;www.bodegarfm.com.ar;Argentina;;America do Sul/bodegarfm_.jpg;America do Sul;"=HYPERLINK(""C:\Users\Luca Caruso\Desktop\Projetos\Case Ricex\RICEX_CRM_CARTOES\imagens_unidas\America do Sul\reducidas\bodegarfm_.jpg"",""Ver imagen"")";
Matías Haeussler;Gerente General / Managing Director;CALBU SpA;+56 (2) 22417799 | +56 (9) 94508687;mhaeussler@calbu.cl;;Chile;;America do Sul/calbu.jpg;America do Sul;"=HYPERLINK(""C:\Users\Luca Caruso\Desktop\Projetos\Case Ricex\RICEX_CRM_CARTOES\imagens_unidas\America do Sul\reducidas\calbu.jpg"",""Ver imagen"")";
Martín Ovando;;Cassini y Cesaratto (LaQuesera);+54-3404-421891 / 421299 / 421829 | 03404-15512910;martinovando@cyc.com.ar;www.cassiniycesaratto.com.ar;Argentina;Lácteos / Quesos (marca LaQuesera);America do Sul/cyc.jpg;America do Sul;"=HYPERLINK(""C:\Users\Luca Caruso\Desktop\Projetos\Case Ricex\RICEX_CRM_CARTOES\imagens_unidas\America do Sul\reducidas\cyc.jpg"",""Ver imagen"")";
Jorge Gregorio Lifschitz;;Datum (Innovalia S.A.);Tel. 54 11 4652-4428 // 54 11 4855-2483 | Cel. 54 9 11 6569-3552 // Cel. Brasil 11 9 4969-9854;;;Argentina;;America do Sul/datum.jpg;America do Sul;"=HYPERLINK(""C:\Users\Luca Caruso\Desktop\Projetos\Case Ricex\RICEX_CRM_CARTOES\imagens_unidas\America do Sul\reducidas\datum.jpg"",""Ver imagen"")";
Cristóbal Domínguez;Gerente de Ventas / Sales Director;DITZLER Chile Ltda.;Directo/Main: +56 2 2598 2096 | Móvil/Mobile: +56 9 7107 1438 | Tel.: +56 2 2598 2000;cristobal.dominguez@ditzler.cl;www.ditzlerchile.com;Chile;;America do Sul/ditzler_.jpg;America do Sul;"=HYPERLINK(""C:\Users\Luca Caruso\Desktop\Projetos\Case Ricex\RICEX_CRM_CARTOES\imagens_unidas\America do Sul\reducidas\ditzler_.jpg"",""Ver imagen"")";
Ricardo de León Rivera;International Business Manager;Excard (Rivexport & Spicex);(502) 3484-4593 | Tel. (502) 6632-6749/77 - Fax: (502) 6632-6775;ricardo@excardsa.com;www.excardsa.com;Guatemala;Cardamomo y especias (Cardamom & Spices);America do Sul/excard.jpg;America do Sul;"=HYPERLINK(""C:\Users\Luca Caruso\Desktop\Projetos\Case Ricex\RICEX_CRM_CARTOES\imagens_unidas\America do Sul\reducidas\excard.jpg"",""Ver imagen"")";
Matias Varas;Founder & CEO;Global South Trade;+54 9 261 4 68 7312;info@globalsouthtrade.com;www.globalsouthtrade.com;Argentina;Frutos secos: almendras, nueces, maní, pistachos, pecanas, pasas;America do Sul/globalsouth_.jpg;America do Sul;"=HYPERLINK(""C:\Users\Luca Caruso\Desktop\Projetos\Case Ricex\RICEX_CRM_CARTOES\imagens_unidas\America do Sul\reducidas\globalsouth_.jpg"",""Ver imagen"")";sí - nota manuscrita junto al logo parcialmente ilegible
Cristián Gana A.;CEO;Goodvalley (Deshidratados - Colchagua, Chile);Movil: 56-97-212 3702 | Work: 56-2-5825705;cristian.gana@goodvalley.cl;www.goodvalley.cl;Chile;Deshidratados;America do Sul/goodvalley_cristian_.jpg;America do Sul;"=HYPERLINK(""C:\Users\Luca Caruso\Desktop\Projetos\Case Ricex\RICEX_CRM_CARTOES\imagens_unidas\America do Sul\reducidas\goodvalley_cristian_.jpg"",""Ver imagen"")";
Rodrigo Lecaros Monge;Gerente Comercial / Sales & Market Manager;Goodvalley (Deshidratados - Colchagua, Chile);Fono/Phone: (56-2)-2582 5705 | Móvil/Mobile: (56-9)-92665141 | Skype: goodvalley.driedfruits;rodrigo.lecaros@goodvalley.cl;www.goodvalley.cl;Chile;Deshidratados;America do Sul/goodvalley_rodrigo_.jpg;America do Sul;"=HYPERLINK(""C:\Users\Luca Caruso\Desktop\Projetos\Case Ricex\RICEX_CRM_CARTOES\imagens_unidas\America do Sul\reducidas\goodvalley_rodrigo_.jpg"",""Ver imagen"")";
Gorordo Roberto Carlos;Presidente / CEO;El Campo S.A.;Cel/Movil: +549 2302 412621 | Tel/Phone: +54 2335 472102 | 231 | 240;roberto.gorordo@gmail.com;;Argentina;Cereales - Oleaginosas, Subproductos, Girasol Confitero, Transporte Internacional;America do Sul/gorordo_.jpg;America do Sul;"=HYPERLINK(""C:\Users\Luca Caruso\Desktop\Projetos\Case Ricex\RICEX_CRM_CARTOES\imagens_unidas\America do Sul\reducidas\gorordo_.jpg"",""Ver imagen"")";
Lic. Andrea Gómez Millán;Gerente comercial / Commercial Manager;Granos de Sinaloa, S.A. de C.V.;+(52) 1 33 1417 3686 | Tel. +(52) 667 760 2480;andrea.gomez@granos.com.mx | granos@granos.com.mx;www.granos.com.mx;México;Granos;America do Sul/granosdesinaloa_.jpg;America do Sul;"=HYPERLINK(""C:\Users\Luca Caruso\Desktop\Projetos\Case Ricex\RICEX_CRM_CARTOES\imagens_unidas\America do Sul\reducidas\granosdesinaloa_.jpg"",""Ver imagen"")";"sí - nota manuscrita junto al logo parcialmente ilegible (posible ""G BIO"")"
Daniel Saint-Pere Caprile;;Imexfutura (Incatrail);Of: +51(1) 7193969 | Skype: imexfutura;danielsaintpere@imexfutura.com;www.imexfutura.com;Perú;;America do Sul/incatrail_.jpg;America do Sul;"=HYPERLINK(""C:\Users\Luca Caruso\Desktop\Projetos\Case Ricex\RICEX_CRM_CARTOES\imagens_unidas\America do Sul\reducidas\incatrail_.jpg"",""Ver imagen"")";sí - varias notas manuscritas en el frente ilegibles
Umberto Colantuoni;Director;Italimentos;+56 9 7977 6263 | +39.366.1191518;ucolantuoni@italimentos.com;www.italimentos.com;;;America do Sul/italimentos_.jpg;America do Sul;"=HYPERLINK(""C:\Users\Luca Caruso\Desktop\Projetos\Case Ricex\RICEX_CRM_CARTOES\imagens_unidas\America do Sul\reducidas\italimentos_.jpg"",""Ver imagen"")";
Ing. Hernán Pérez;Business General Manager - Industrial Division;La Cristina Lácteos;Tel.: 54 11 /4837-8000 / Fax: (54-11) 4837-8011 | Tel-Fax: (54 353) 454-8043 al 46;hperez@lcsuero.com;www.lcsuero.com;Argentina;Lácteos;America do Sul/lacristina.jpg;America do Sul;"=HYPERLINK(""C:\Users\Luca Caruso\Desktop\Projetos\Case Ricex\RICEX_CRM_CARTOES\imagens_unidas\America do Sul\reducidas\lacristina.jpg"",""Ver imagen"")";
Yanina Bosio;Foreign Trade Manager;LACTEAR S.A.;Cellphone (+54 9) 3562 506562 | Skype ID: Yanis.Bosio;comex@lactear.com.ar;www.lactear.com.ar;Argentina;Lácteos (Premium Argentine Dairy);America do Sul/lactear_.jpg;America do Sul;"=HYPERLINK(""C:\Users\Luca Caruso\Desktop\Projetos\Case Ricex\RICEX_CRM_CARTOES\imagens_unidas\America do Sul\reducidas\lactear_.jpg"",""Ver imagen"")";
José Miguel Medina;Commercial Director;La Nogalera Group;+52 656 843 3052 Ext. 204 | +1 (214) 764-6801 | +1 (678) 520 6849;;www.lanogalera.com;México;Nueces pecanas (PECAN);America do Sul/LaNogalera.jpg;America do Sul;"=HYPERLINK(""C:\Users\Luca Caruso\Desktop\Projetos\Case Ricex\RICEX_CRM_CARTOES\imagens_unidas\America do Sul\reducidas\LaNogalera.jpg"",""Ver imagen"")";
Alfonso Merino;;Mahuida Group (Mahuida Nuts);(+56 9) 4026 3906;a.merino@mahuidagroup.com;www.mahuidagroup.com;;Nueces (Nuts);America do Sul/mahuida_.jpg;America do Sul;"=HYPERLINK(""C:\Users\Luca Caruso\Desktop\Projetos\Case Ricex\RICEX_CRM_CARTOES\imagens_unidas\America do Sul\reducidas\mahuida_.jpg"",""Ver imagen"")";
Antonio Aguirre;CEO;Maipofoods (Procesadora Rengo);Tel. +56 2 2259 0111 | Cel. +56 9 9599 3220;antonio@maipofoods.com;www.maipofoods.com | www.prorengo.cl;;;America do Sul/maipofoods_.jpg;America do Sul;"=HYPERLINK(""C:\Users\Luca Caruso\Desktop\Projetos\Case Ricex\RICEX_CRM_CARTOES\imagens_unidas\America do Sul\reducidas\maipofoods_.jpg"",""Ver imagen"")";
Fernando Torres Parraud;;Mayan Vanilla;+52 9991 80 27 97;sales@mayanvanilla.com;www.mayanvanilla.com;México;Vainilla (Vanilla);America do Sul/mayanvanilla_.jpg;America do Sul;"=HYPERLINK(""C:\Users\Luca Caruso\Desktop\Projetos\Case Ricex\RICEX_CRM_CARTOES\imagens_unidas\America do Sul\reducidas\mayanvanilla_.jpg"",""Ver imagen"")";
Silvina Santi;Coordinator - Export Manager;Mendoza Tasting (Sabores de Argentina);+54 9 261 5454993 | Skype: silvina.santi;silvinansanti@gmail.com;www.mendozatasting.com.ar;Argentina;;America do Sul/mendoza_.jpg;America do Sul;"=HYPERLINK(""C:\Users\Luca Caruso\Desktop\Projetos\Case Ricex\RICEX_CRM_CARTOES\imagens_unidas\America do Sul\reducidas\mendoza_.jpg"",""Ver imagen"")";
Walter G. Colazo;Dpto. Comercio Exterior / Foreign Trade Dept.;Noal S.A. (Excelencia Láctea);movil. +54 9 353 4240929 | Tel: 0054-353-4531901 - Fax: 0054-353-4533525;export@noal.com;www.noal.com;Argentina;Lácteos;America do Sul/noal_.jpg;America do Sul;"=HYPERLINK(""C:\Users\Luca Caruso\Desktop\Projetos\Case Ricex\RICEX_CRM_CARTOES\imagens_unidas\America do Sul\reducidas\noal_.jpg"",""Ver imagen"")";
Juan Eduardo Aguirre Saúd;Gerente Comercial y logística;Olivares de Quepu;Tel: (56 71) 2534640 | Mobile: (56 9) 66075843;jaguirre@quepu.cl;www.quepu.cl;Chile;Aceitunas / Aceite de oliva;America do Sul/olivares_.jpg;America do Sul;"=HYPERLINK(""C:\Users\Luca Caruso\Desktop\Projetos\Case Ricex\RICEX_CRM_CARTOES\imagens_unidas\America do Sul\reducidas\olivares_.jpg"",""Ver imagen"")";
L.A. Juan Antonio Martín López;Asesor Comercial;Omegachia (Grupo ASI);Tels. (+52) 378 1040 685 / (+52) 378 1301 684;omegachia@yahoo.com;www.grupoasi.mx;México;Chía;America do Sul/omegachia.jpg;America do Sul;"=HYPERLINK(""C:\Users\Luca Caruso\Desktop\Projetos\Case Ricex\RICEX_CRM_CARTOES\imagens_unidas\America do Sul\reducidas\omegachia.jpg"",""Ver imagen"")";sí - notas manuscritas en el frente ilegibles
María José Roca;Jefe de Comercio Exterior;Paladini;Cel.: +54 9 0341 156 405651 | +54 0341 492 1801 | +54 0341 492 2450;maria.roca@paladini.com | info@paladini.com;www.paladini.com;Argentina;;America do Sul/paladini_.jpg;America do Sul;"=HYPERLINK(""C:\Users\Luca Caruso\Desktop\Projetos\Case Ricex\RICEX_CRM_CARTOES\imagens_unidas\America do Sul\reducidas\paladini_.jpg"",""Ver imagen"")";
Santiago Aguirre;Commercial Manager;Pampa Cheese Argentina;Tel. +5411 4833-5513 / 4832-4092 | Cel. +54911 15-4049-2243 | Skype: santi.aguirre;saguirre@pampacheese.com;www.pampacheese.com;Argentina;Queso;America do Sul/pampacheese_.jpg;America do Sul;"=HYPERLINK(""C:\Users\Luca Caruso\Desktop\Projetos\Case Ricex\RICEX_CRM_CARTOES\imagens_unidas\America do Sul\reducidas\pampacheese_.jpg"",""Ver imagen"")";
Lucio Platero Yapuchura;President/CEO;Plater's Food S.A.C. (Import and Distribution);Telf.: (511) 324-5419 Fax: (511) 473-1585 | Móvil: 947-354-781;grupoplaters@grupoplaters.com;www.platersfood.com;Perú;;America do Sul/platers.jpg;America do Sul;"=HYPERLINK(""C:\Users\Luca Caruso\Desktop\Projetos\Case Ricex\RICEX_CRM_CARTOES\imagens_unidas\America do Sul\reducidas\platers.jpg"",""Ver imagen"")";
Molly Hime;Senior Vice President, Director - Community Association Products & Services;Popular Association Banking (A division of Popular Bank);O: (786) 953-1268 | C: (305) 987-8719 | T: (800) 233-7164;MHime@popular.com;;;;America do Sul/popbanking_molly.jpg;America do Sul;"=HYPERLINK(""C:\Users\Luca Caruso\Desktop\Projetos\Case Ricex\RICEX_CRM_CARTOES\imagens_unidas\America do Sul\reducidas\popbanking_molly.jpg"",""Ver imagen"")";
Rebecca R. Prieto;Senior Vice President, South Florida Team Leader - Community Association Products & Services;Popular Association Banking (A division of Popular Bank);O: (786) 953-1221 | F: (305) 821-7284 | C: (305) 206-0170 | T: (800) 233-7164;RPrieto@popular.com;;;;America do Sul/popbanking_rebecca.jpg;America do Sul;"=HYPERLINK(""C:\Users\Luca Caruso\Desktop\Projetos\Case Ricex\RICEX_CRM_CARTOES\imagens_unidas\America do Sul\reducidas\popbanking_rebecca.jpg"",""Ver imagen"")";
Sánchez,  Rodrigo Nicolás;Sales Manager;Prugna SRL;+54 9 2604419683;prugnasrl@gmail.com;www.prugnasrl.com.ar;Argentina;Productos orgánicos (ciruela);America do Sul/prugna_.jpg;America do Sul;"=HYPERLINK(""C:\Users\Luca Caruso\Desktop\Projetos\Case Ricex\RICEX_CRM_CARTOES\imagens_unidas\America do Sul\reducidas\prugna_.jpg"",""Ver imagen"")";
Ing. Hernán Perez;Gerente General - División Suero;Remotti;Tel. (54 11) 4837-8050 | Fax (54 11) 4837-8051;hperez@remotti.com.ar | aetchepare@remotti.com.ar;www.remotti.com.ar;Argentina;Suero;America do Sul/renotti_.jpg;America do Sul;"=HYPERLINK(""C:\Users\Luca Caruso\Desktop\Projetos\Case Ricex\RICEX_CRM_CARTOES\imagens_unidas\America do Sul\reducidas\renotti_.jpg"",""Ver imagen"")";
María Esther Castro;Jefe de Ventas Internacionales / Head of International Sales;Salica del Ecuador S.A.;(593-4) 6006990 | (+593) 962790210;mcastro@salicadelecuador.com.ec;www.salica-america.com;Ecuador;Atún;America do Sul/salica_.jpg;America do Sul;"=HYPERLINK(""C:\Users\Luca Caruso\Desktop\Projetos\Case Ricex\RICEX_CRM_CARTOES\imagens_unidas\America do Sul\reducidas\salica_.jpg"",""Ver imagen"")";
Juan Patricio Anderson;Exports Manager;San Ignacio;Ph. +54 (11) 6009-4900 int: 205 | Mob. +54 (9) 11 53365183;janderson@sanignacio.com.ar;www.sanignacio.com.ar;Argentina;;America do Sul/sanignacio_.jpg;America do Sul;"=HYPERLINK(""C:\Users\Luca Caruso\Desktop\Projetos\Case Ricex\RICEX_CRM_CARTOES\imagens_unidas\America do Sul\reducidas\sanignacio_.jpg"",""Ver imagen"")";
Alejandra Santiago;Commercial Manager;S&M Foods;+51 238 1353 Ext. 27 | +51 992 757 485;acano@smfoods.com.pe;www.smfoods.com.pe;Perú;;America do Sul/smfoods_.jpg;America do Sul;"=HYPERLINK(""C:\Users\Luca Caruso\Desktop\Projetos\Case Ricex\RICEX_CRM_CARTOES\imagens_unidas\America do Sul\reducidas\smfoods_.jpg"",""Ver imagen"")";sí - nota manuscrita en el frente parcialmente ilegible
Luis Alejandro Perez L.;Brand Ambassador;Santa Rita Estates;C. 55 (11) 9 7346 7193;lperezl@santarita.cl;;Chile;Vinos;America do Sul/starita_.jpg;America do Sul;"=HYPERLINK(""C:\Users\Luca Caruso\Desktop\Projetos\Case Ricex\RICEX_CRM_CARTOES\imagens_unidas\America do Sul\reducidas\starita_.jpg"",""Ver imagen"")";
David Flores Aguirre;Gerente Comercial;Especiera Tacna;+51 952 960201;especieratacna@hotmail.com | dflores@especieratacna.com.pe;www.especieratacna.com.pe;Perú;Especias;America do Sul/tacna_.jpg;America do Sul;"=HYPERLINK(""C:\Users\Luca Caruso\Desktop\Projetos\Case Ricex\RICEX_CRM_CARTOES\imagens_unidas\America do Sul\reducidas\tacna_.jpg"",""Ver imagen"")";sí - notas manuscritas en el frente ilegibles
Rodrigo Gonnet;Comercio Exterior / Foreign Trade;Tregar (García Hnos S.R.L. Agroindustrial);Tel.: +54 (3498) 480747 | Cel.: +54 9 (3498) 443836;rodrigo.gonnet@garciahnos.com.ar;www.tregar.com.ar;Argentina;;America do Sul/tregar_.jpg;America do Sul;"=HYPERLINK(""C:\Users\Luca Caruso\Desktop\Projetos\Case Ricex\RICEX_CRM_CARTOES\imagens_unidas\America do Sul\reducidas\tregar_.jpg"",""Ver imagen"")";
Nadja Schumann;;Vanilla-Trade;+52-2291-520227 | +52-229-1303630;schumann@vanilla-trade.com;www.vanilla-trade.com;México;Vainilla;America do Sul/vanillatrade_.jpg;America do Sul;"=HYPERLINK(""C:\Users\Luca Caruso\Desktop\Projetos\Case Ricex\RICEX_CRM_CARTOES\imagens_unidas\America do Sul\reducidas\vanillatrade_.jpg"",""Ver imagen"")";
Alexander M.S. Vik;;VIK;TEL +377.99.99.91.61 | FAX +377.99.99.91.63 | CELL +377.6.78.63.11.18 | Skype: amsvik;alex@vik.org;;Mónaco;;America do Sul/vik_.jpg;America do Sul;"=HYPERLINK(""C:\Users\Luca Caruso\Desktop\Projetos\Case Ricex\RICEX_CRM_CARTOES\imagens_unidas\America do Sul\reducidas\vik_.jpg"",""Ver imagen"")";
Lisette Cáceres;International Account Manager;Vínculos Agrícolas E.I.R.L.;Ext. 408 | Cel.: (511) 991698720 | Of.: (511) 372-8048 | Cel.: (511) 372 7233 | Fax: (511) 372 7233;lcaceres@vinculosagricolas.com;www.vinculosagricolas.com;Perú;Quinoa;America do Sul/vinicolasagr.jpg;America do Sul;"=HYPERLINK(""C:\Users\Luca Caruso\Desktop\Projetos\Case Ricex\RICEX_CRM_CARTOES\imagens_unidas\America do Sul\reducidas\vinicolasagr.jpg"",""Ver imagen"")";sí - notas manuscritas en el frente ilegibles
Katherine Rojas Contrera;Business Manager;Watts;Tel.: +56-22 441 4112;katherine.rojas@watts.cl;www.watts.cl;Chile;;America do Sul/watts_.jpg;America do Sul;"=HYPERLINK(""C:\Users\Luca Caruso\Desktop\Projetos\Case Ricex\RICEX_CRM_CARTOES\imagens_unidas\America do Sul\reducidas\watts_.jpg"",""Ver imagen"")";
;COMEX (Comercio Exterior);Wiraccocha (Healthy Foods);;comex@wiraccocha.com.pe;www.wiraccocha.com.pe;Perú;Quinoa, Amaranth, Maca, Chía, Cacao, Jengibre, Cúrcuma, Aguaymanto (Golden Berries), Frutos secos amazónicos;America do Sul/wiraccocha_.jpg;America do Sul;"=HYPERLINK(""C:\Users\Luca Caruso\Desktop\Projetos\Case Ricex\RICEX_CRM_CARTOES\imagens_unidas\America do Sul\reducidas\wiraccocha_.jpg"",""Ver imagen"")";sí - la tarjeta no muestra el nombre de una persona, solo el área COMEX
