carpeta,nombre_base,ruta_imagen_unida,tiene_verso
ANUGA 2025/America do Sul,agrofergi_jorgef_,ANUGA 2025/America do Sul/agrofergi_jorgef_.jpg,sí
ANUGA 2025/America do Sul,apexbrazil_,ANUGA 2025/America do Sul/apexbrazil_.jpg,sí
ANUGA 2025/America do Sul,castanhasouroverde_,ANUGA 2025/America do Sul/castanhasouroverde_.jpg,sí
ANUGA 2025/America do Sul,dcoop,ANUGA 2025/America do Sul/dcoop.jpg,no
ANUGA 2025/America do Sul,fedecovera_guatemala_ana,ANUGA 2025/America do Sul/fedecovera_guatemala_ana.jpg,no
ANUGA 2025/America do Sul,fedecovera_guatemala_maria,ANUGA 2025/America do Sul/fedecovera_guatemala_maria.jpg,no
ANUGA 2025/America do Sul,libbysbrand,ANUGA 2025/America do Sul/libbysbrand.jpg,no
ANUGA 2025/America do Sul,ostinatogroup_vinicius_,ANUGA 2025/America do Sul/ostinatogroup_vinicius_.jpg,sí
ANUGA 2025/America do Sul,semfoods_aron_,ANUGA 2025/America do Sul/semfoods_aron_.jpg,sí
ANUGA 2025/America do Sul,seneca_carlos,ANUGA 2025/America do Sul/seneca_carlos.jpg,no
ANUGA 2025/America do Sul,terrandes_impexp_,ANUGA 2025/America do Sul/terrandes_impexp_.jpg,sí
ANUGA 2025/China,carolning_,ANUGA 2025/China/carolning_.jpg,sí
ANUGA 2025/China,cdnuts_,ANUGA 2025/China/cdnuts_.jpg,sí
ANUGA 2025/China,giuliabonci_,ANUGA 2025/China/giuliabonci_.jpg,sí
ANUGA 2025/China,grancucina,ANUGA 2025/China/grancucina.jpg,no
ANUGA 2025/China,hexing_,ANUGA 2025/China/hexing_.jpg,sí
ANUGA 2025/China,hilsonli_,ANUGA 2025/China/hilsonli_.jpg,sí
ANUGA 2025/China,ics_,ANUGA 2025/China/ics_.jpg,sí
ANUGA 2025/China,joyfruit_,ANUGA 2025/China/joyfruit_.jpg,sí
ANUGA 2025/China,kunming_,ANUGA 2025/China/kunming_.jpg,sí
ANUGA 2025/China,la_bella_san_marzano_lorenzo_,ANUGA 2025/China/la_bella_san_marzano_lorenzo_.jpg,sí
ANUGA 2025/China,lontrue_co_ltd_,ANUGA 2025/China/lontrue_co_ltd_.jpg,sí
ANUGA 2025/China,maejor_nuts_,ANUGA 2025/China/maejor_nuts_.jpg,sí
ANUGA 2025/China,qingdao_kimzhao_,ANUGA 2025/China/qingdao_kimzhao_.jpg,sí
ANUGA 2025/China,settonpistacchio_,ANUGA 2025/China/settonpistacchio_.jpg,sí
ANUGA 2025/China,steriltom_lorenzo_,ANUGA 2025/China/steriltom_lorenzo_.jpg,sí
ANUGA 2025/China,tianjin_,ANUGA 2025/China/tianjin_.jpg,sí
ANUGA 2025/China,zarotti_eugenio,ANUGA 2025/China/zarotti_eugenio.jpg,no
ANUGA 2025/Leste_Eur,anigozi_anna_,ANUGA 2025/Leste_Eur/anigozi_anna_.jpg,sí
ANUGA 2025/Leste_Eur,bioalmondgeorgia_,ANUGA 2025/Leste_Eur/bioalmondgeorgia_.jpg,sí
ANUGA 2025/Leste_Eur,bivolion_,ANUGA 2025/Leste_Eur/bivolion_.jpg,sí
ANUGA 2025/Leste_Eur,bonaro_,ANUGA 2025/Leste_Eur/bonaro_.jpg,sí
ANUGA 2025/Leste_Eur,calibro_,ANUGA 2025/Leste_Eur/calibro_.jpg,sí
ANUGA 2025/Leste_Eur,chelak_tomorga_,ANUGA 2025/Leste_Eur/chelak_tomorga_.jpg,sí
ANUGA 2025/Leste_Eur,expoimportkyrgyztan,ANUGA 2025/Leste_Eur/expoimportkyrgyztan.jpg,no
ANUGA 2025/Leste_Eur,fruitsvalley_,ANUGA 2025/Leste_Eur/fruitsvalley_.jpg,sí
ANUGA 2025/Leste_Eur,fruitvoyage_,ANUGA 2025/Leste_Eur/fruitvoyage_.jpg,sí
ANUGA 2025/Leste_Eur,georgianwalnut_,ANUGA 2025/Leste_Eur/georgianwalnut_.jpg,sí
ANUGA 2025/Leste_Eur,isfarafood,ANUGA 2025/Leste_Eur/isfarafood.png,no
ANUGA 2025/Leste_Eur,trustagro_,ANUGA 2025/Leste_Eur/trustagro_.jpg,sí
ANUGA 2025/Leste_Eur,uzkand_,ANUGA 2025/Leste_Eur/uzkand_.jpg,sí
ANUGA 2025/Leste_Eur,yasminanuts_,ANUGA 2025/Leste_Eur/yasminanuts_.jpg,sí
ANUGA 2025/Leste_Eur,zarrinfood_,ANUGA 2025/Leste_Eur/zarrinfood_.jpg,sí
ANUGA 2025/Oriente,agrimpte_jaydeep,ANUGA 2025/Oriente/agrimpte_jaydeep.jpg,no
ANUGA 2025/Oriente,ahmednabil,ANUGA 2025/Oriente/ahmednabil.jpg,no
ANUGA 2025/Oriente,arithra_silvermill_,ANUGA 2025/Oriente/arithra_silvermill_.jpg,sí
ANUGA 2025/Oriente,dkcommodity_,ANUGA 2025/Oriente/dkcommodity_.jpg,sí
ANUGA 2025/Oriente,dorothy_qiu_,ANUGA 2025/Oriente/dorothy_qiu_.jpg,sí
ANUGA 2025/Oriente,drolive_,ANUGA 2025/Oriente/drolive_.jpg,sí
ANUGA 2025/Oriente,elmarspices_,ANUGA 2025/Oriente/elmarspices_.jpg,sí
ANUGA 2025/Oriente,elnas_nuts_,ANUGA 2025/Oriente/elnas_nuts_.jpg,sí
ANUGA 2025/Oriente,enesmalik_,ANUGA 2025/Oriente/enesmalik_.jpg,sí
ANUGA 2025/Oriente,farmerlandalice_,ANUGA 2025/Oriente/farmerlandalice_.jpg,sí
ANUGA 2025/Oriente,farmkeeper_daisy_,ANUGA 2025/Oriente/farmkeeper_daisy_.jpg,sí
ANUGA 2025/Oriente,farmkeeper_jessie_,ANUGA 2025/Oriente/farmkeeper_jessie_.jpg,sí
ANUGA 2025/Oriente,grandornuts_,ANUGA 2025/Oriente/grandornuts_.jpg,sí
ANUGA 2025/Oriente,greenlink_,ANUGA 2025/Oriente/greenlink_.jpg,sí
ANUGA 2025/Oriente,groversons_,ANUGA 2025/Oriente/groversons_.jpg,sí
ANUGA 2025/Oriente,hvai_,ANUGA 2025/Oriente/hvai_.jpg,sí
ANUGA 2025/Oriente,indagro_elsie_,ANUGA 2025/Oriente/indagro_elsie_.jpg,sí
ANUGA 2025/Oriente,jabs_jal,ANUGA 2025/Oriente/jabs_jal.jpg,no
ANUGA 2025/Oriente,kohendoor_,ANUGA 2025/Oriente/kohendoor_.jpg,sí
ANUGA 2025/Oriente,laurel_andrew_,ANUGA 2025/Oriente/laurel_andrew_.jpg,sí
ANUGA 2025/Oriente,mec_,ANUGA 2025/Oriente/mec_.jpg,sí
ANUGA 2025/Oriente,nakhlsabz_,ANUGA 2025/Oriente/nakhlsabz_.jpg,sí
ANUGA 2025/Oriente,nilegarden,ANUGA 2025/Oriente/nilegarden.jpg,no
ANUGA 2025/Oriente,noshi_gad_,ANUGA 2025/Oriente/noshi_gad_.jpg,sí
ANUGA 2025/Oriente,palestinedates_,ANUGA 2025/Oriente/palestinedates_.jpg,sí
ANUGA 2025/Oriente,quang_bao_,ANUGA 2025/Oriente/quang_bao_.jpg,sí
ANUGA 2025/Oriente,shangli_maskim_,ANUGA 2025/Oriente/shangli_maskim_.jpg,sí
ANUGA 2025/Oriente,silvermill_,ANUGA 2025/Oriente/silvermill_.jpg,sí
ANUGA 2025/Oriente,spectra_ahmed_,ANUGA 2025/Oriente/spectra_ahmed_.jpg,sí
ANUGA 2025/Oriente,sunfruit_elaine_,ANUGA 2025/Oriente/sunfruit_elaine_.jpg,sí
ANUGA 2025/Oriente,sunnyfood_,ANUGA 2025/Oriente/sunnyfood_.jpg,sí
ANUGA 2025/Outros,aceitunasjuanfra_,ANUGA 2025/Outros/aceitunasjuanfra_.jpg,sí
ANUGA 2025/Outros,bernal,ANUGA 2025/Outros/bernal.jpg,no
ANUGA 2025/Outros,capedried_,ANUGA 2025/Outros/capedried_.jpg,sí
ANUGA 2025/Outros,churruca_,ANUGA 2025/Outros/churruca_.jpg,sí
ANUGA 2025/Outros,dipasa_bart_,ANUGA 2025/Outros/dipasa_bart_.jpg,sí
ANUGA 2025/Outros,efthimis_olivellas_,ANUGA 2025/Outros/efthimis_olivellas_.jpg,sí
ANUGA 2025/Outros,frutossecosauro_,ANUGA 2025/Outros/frutossecosauro_.jpg,sí
ANUGA 2025/Outros,groupdepre,ANUGA 2025/Outros/groupdepre.jpg,no
ANUGA 2025/Outros,lofoten_,ANUGA 2025/Outros/lofoten_.jpg,sí
ANUGA 2025/Outros,nanofoods_albert_,ANUGA 2025/Outros/nanofoods_albert_.jpg,sí
ANUGA 2025/Outros,nutland_,ANUGA 2025/Outros/nutland_.jpg,sí
ANUGA 2025/Outros,nutsandberries_,ANUGA 2025/Outros/nutsandberries_.jpg,sí
ANUGA 2025/Outros,pecaninis_,ANUGA 2025/Outros/pecaninis_.jpg,sí
ANUGA 2025/Outros,redsun_peter,ANUGA 2025/Outros/redsun_peter.jpg,no
ANUGA 2025/Outros,saborverde_,ANUGA 2025/Outros/saborverde_.jpg,sí
ANUGA 2025/Outros,ymekuiper_,ANUGA 2025/Outros/ymekuiper_.jpg,sí
ANUGA 2025/USA-CANADA,berberiannutcompany,ANUGA 2025/USA-CANADA/berberiannutcompany.jpg,no
ANUGA 2025/USA-CANADA,californiaprunes,ANUGA 2025/USA-CANADA/californiaprunes.jpg,no
ANUGA 2025/USA-CANADA,crain_kyle_,ANUGA 2025/USA-CANADA/crain_kyle_.jpg,sí
ANUGA 2025/USA-CANADA,diamondfoods_chris_,ANUGA 2025/USA-CANADA/diamondfoods_chris_.jpg,sí
ANUGA 2025/USA-CANADA,exicam,ANUGA 2025/USA-CANADA/exicam.jpg,no
ANUGA 2025/USA-CANADA,galdisa_jose_,ANUGA 2025/USA-CANADA/galdisa_jose_.jpg,sí
ANUGA 2025/USA-CANADA,hazelnutscom_,ANUGA 2025/USA-CANADA/hazelnutscom_.jpg,sí
ANUGA 2025/USA-CANADA,kalshea_,ANUGA 2025/USA-CANADA/kalshea_.jpg,sí
ANUGA 2025/USA-CANADA,mariani,ANUGA 2025/USA-CANADA/mariani.jpg,no
ANUGA 2025/USA-CANADA,memfairway_jackie_,ANUGA 2025/USA-CANADA/memfairway_jackie_.jpg,sí
ANUGA 2025/USA-CANADA,memfairway_lube_,ANUGA 2025/USA-CANADA/memfairway_lube_.jpg,sí
ANUGA 2025/USA-CANADA,oregonhazelnuts,ANUGA 2025/USA-CANADA/oregonhazelnuts.jpg,no
ANUGA 2025/USA-CANADA,poindexter,ANUGA 2025/USA-CANADA/poindexter.jpg,no
ANUGA 2025/USA-CANADA,rpac_chris_,ANUGA 2025/USA-CANADA/rpac_chris_.jpg,sí
ANUGA 2025/USA-CANADA,selectharvestusa_,ANUGA 2025/USA-CANADA/selectharvestusa_.jpg,sí
ANUGA 2025/USA-CANADA,seneca_kurt,ANUGA 2025/USA-CANADA/seneca_kurt.jpg,no
ANUGA 2025/USA-CANADA,summitpremiumtree,ANUGA 2025/USA-CANADA/summitpremiumtree.jpg,no
ANUGA 2025/USA-CANADA,valleypride_,ANUGA 2025/USA-CANADA/valleypride_.jpg,sí
ANUGA 2025/USA-CANADA,victoria_pulse,ANUGA 2025/USA-CANADA/victoria_pulse.jpg,no
ANUGA 2025/USA-CANADA,willamette,ANUGA 2025/USA-CANADA/willamette.jpg,no
America do Sul,agritrade_,America do Sul/agritrade_.jpg,sí
America do Sul,agrofergi_,America do Sul/agrofergi_.jpg,sí
America do Sul,agrofino_,America do Sul/agrofino_.jpg,sí
America do Sul,agroliva_,America do Sul/agroliva_.jpg,sí
America do Sul,apymel,America do Sul/apymel.jpg,no
America do Sul,bodegarfm_,America do Sul/bodegarfm_.jpg,sí
America do Sul,calbu,America do Sul/calbu.jpg,no
America do Sul,cyc,America do Sul/cyc.jpg,no
America do Sul,datum,America do Sul/datum.jpg,no
America do Sul,ditzler_,America do Sul/ditzler_.jpg,sí
America do Sul,excard,America do Sul/excard.jpg,no
America do Sul,globalsouth_,America do Sul/globalsouth_.jpg,sí
America do Sul,goodvalley_cristian_,America do Sul/goodvalley_cristian_.jpg,sí
America do Sul,goodvalley_rodrigo_,America do Sul/goodvalley_rodrigo_.jpg,sí
America do Sul,gorordo_,America do Sul/gorordo_.jpg,sí
America do Sul,granosdesinaloa_,America do Sul/granosdesinaloa_.jpg,sí
America do Sul,incatrail_,America do Sul/incatrail_.jpg,sí
America do Sul,italimentos_,America do Sul/italimentos_.jpg,sí
America do Sul,lacristina,America do Sul/lacristina.jpg,no
America do Sul,lactear_,America do Sul/lactear_.jpg,sí
America do Sul,mahuida_,America do Sul/mahuida_.jpg,sí
America do Sul,maipofoods_,America do Sul/maipofoods_.jpg,sí
America do Sul,mayanvanilla_,America do Sul/mayanvanilla_.jpg,sí
America do Sul,mendoza_,America do Sul/mendoza_.jpg,sí
America do Sul,noal_,America do Sul/noal_.jpg,sí
America do Sul,olivares_,America do Sul/olivares_.jpg,sí
America do Sul,omegachia,America do Sul/omegachia.jpg,no
America do Sul,paladini_,America do Sul/paladini_.jpg,sí
America do Sul,pampacheese_,America do Sul/pampacheese_.jpg,sí
America do Sul,platers,America do Sul/platers.jpg,no
America do Sul,popbanking_molly,America do Sul/popbanking_molly.jpg,no
America do Sul,popbanking_rebecca,America do Sul/popbanking_rebecca.jpg,no
America do Sul,prugna_,America do Sul/prugna_.jpg,sí
America do Sul,renotti_,America do Sul/renotti_.jpg,sí
America do Sul,salica_,America do Sul/salica_.jpg,sí
America do Sul,sanignacio_,America do Sul/sanignacio_.jpg,sí
America do Sul,smfoods_,America do Sul/smfoods_.jpg,sí
America do Sul,starita_,America do Sul/starita_.jpg,sí
America do Sul,tacna_,America do Sul/tacna_.jpg,sí
America do Sul,tregar_,America do Sul/tregar_.jpg,sí
America do Sul,vanillatrade_,America do Sul/vanillatrade_.jpg,sí
America do Sul,vik_,America do Sul/vik_.jpg,sí
America do Sul,vinicolasagr,America do Sul/vinicolasagr.jpg,no
America do Sul,watts_,America do Sul/watts_.jpg,sí
America do Sul,wiraccocha_,America do Sul/wiraccocha_.jpg,sí
Cheeses,993_,Cheeses/993_.jpg,sí
Cheeses,aandl_drpablo_,Cheeses/aandl_drpablo_.jpg,sí
Cheeses,aandl_jeffrey_,Cheeses/aandl_jeffrey_.jpg,sí
Cheeses,alimenco,Cheeses/alimenco.jpg,no
Cheeses,armandogoncalves_,Cheeses/armandogoncalves_.jpg,sí
Cheeses,bodenseekase_,Cheeses/bodenseekase_.jpg,sí
Cheeses,cesvaine_,Cheeses/cesvaine_.jpg,sí
Cheeses,cheeseland_,Cheeses/cheeseland_.jpg,sí
Cheeses,chimay_,Cheeses/chimay_.jpg,sí
Cheeses,colun_,Cheeses/colun_.jpg,sí
Cheeses,cremeriasanjose_,Cheeses/cremeriasanjose_.jpg,sí
Cheeses,dailydairy_eric_,Cheeses/dailydairy_eric_.jpg,sí
Cheeses,dairyhub_,Cheeses/dairyhub_.jpg,sí
Cheeses,daitywisconsin_,Cheeses/daitywisconsin_.jpg,sí
Cheeses,dejongcheese_,Cheeses/dejongcheese_.jpg,sí
Cheeses,dockaas_aleka_,Cheeses/dockaas_aleka_.jpg,sí
Cheeses,dockaas_tomgroot_,Cheeses/dockaas_tomgroot_.jpg,sí
Cheeses,farming,Cheeses/farming.jpg,no
Cheeses,ferrarini_,Cheeses/ferrarini_.jpg,sí
Cheeses,fgcorp_,Cheeses/fgcorp_.jpg,sí
Cheeses,frieslandcampina_,Cheeses/frieslandcampina_.jpg,sí
Cheeses,fromagerie,Cheeses/fromagerie.jpg,no
Cheeses,granjapocha,Cheeses/granjapocha.jpg,no
Cheeses,henriwillig_eric_,Cheeses/henriwillig_eric_.jpg,sí
Cheeses,henriwillig_marije_,Cheeses/henriwillig_marije_.jpg,sí
Cheeses,intercheese,Cheeses/intercheese.jpg,no
Cheeses,interval,Cheeses/interval.jpg,no
Cheeses,kaamps_,Cheeses/kaamps_.jpg,sí
Cheeses,kaserebellen,Cheeses/kaserebellen.jpg,no
Cheeses,lactima_piotr,Cheeses/lactima_piotr.jpg,no
Cheeses,lactmilk_,Cheeses/lactmilk_.jpg,sí
Cheeses,limbazu,Cheeses/limbazu.jpg,no
Cheeses,lituania,Cheeses/lituania.jpg,no
Cheeses,mammencheese_,Cheeses/mammencheese_.jpg,sí
Cheeses,margot,Cheeses/margot.jpg,no
Cheeses,martinsrebello_,Cheeses/martinsrebello_.jpg,sí
Cheeses,megroup,Cheeses/megroup.jpg,no
Cheeses,parmiggianoreggiano_,Cheeses/parmiggianoreggiano_.jpg,sí
Cheeses,paysange,Cheeses/paysange.jpg,no
Cheeses,perenzin_,Cheeses/perenzin_.jpg,sí
Cheeses,queijossantiago_,Cheeses/queijossantiago_.jpg,sí
Cheeses,rafaeljosegonzalez,Cheeses/rafaeljosegonzalez.jpg,no
Cheeses,rocinante_,Cheeses/rocinante_.jpg,sí
Cheeses,salumificio_,Cheeses/salumificio_.jpg,sí
Cheeses,sanignacio_fernando_,Cheeses/sanignacio_fernando_.jpg,sí
Cheeses,sartori_ryan_,Cheeses/sartori_ryan_.jpg,sí
Cheeses,savencia_,Cheeses/savencia_.jpg,sí
Cheeses,silvio_,Cheeses/silvio_.jpg,sí
Cheeses,spomlek_,Cheeses/spomlek_.jpg,sí
Cheeses,swissmooh_,Cheeses/swissmooh_.jpg,sí
Cheeses,tine_bente_,Cheeses/tine_bente_.jpg,sí
Cheeses,tine_jan_,Cheeses/tine_jan_.jpg,sí
Cheeses,tine_unni,Cheeses/tine_unni.jpg,no
Cheeses,unilac_fred_,Cheeses/unilac_fred_.jpg,sí
Cheeses,unilac_tony_,Cheeses/unilac_tony_.jpg,sí
Cheeses,urenholt_,Cheeses/urenholt_.jpg,sí
Cheeses,valgrana,Cheeses/valgrana.jpg,no
Cheeses,vanderheiden,Cheeses/vanderheiden.jpg,no
Cheeses,vandersterre_,Cheeses/vandersterre_.jpg,sí
Cheeses,vandersterre_bert_,Cheeses/vandersterre_bert_.jpg,sí
Cheeses,vegadetordin_,Cheeses/vegadetordin_.jpg,sí
Cheeses,vegamancha,Cheeses/vegamancha.jpg,no
Cheeses,vegasotuelmanos,Cheeses/vegasotuelmanos.jpg,no
Cheeses,veldhuyzenkaas_,Cheeses/veldhuyzenkaas_.jpg,sí
Cheeses,veldhuyzenkaas_pim_,Cheeses/veldhuyzenkaas_pim_.jpg,sí
Cheeses,vergeer_,Cheeses/vergeer_.jpg,sí
Cheeses,woerle,Cheeses/woerle.jpg,no
Cheeses,wyke_,Cheeses/wyke_.jpg,sí
Cheeses,yspbusiness_,Cheeses/yspbusiness_.jpg,sí
Cheeses,zpienas_edita_,Cheeses/zpienas_edita_.jpg,sí
Cheeses,zpienas_rasa_,Cheeses/zpienas_rasa_.jpg,sí
Europa_alimentaria_2024,agrigenus_,Europa_alimentaria_2024/agrigenus_.jpg,sí
Europa_alimentaria_2024,agroserc_,Europa_alimentaria_2024/agroserc_.jpg,sí
Europa_alimentaria_2024,agrucaperes_,Europa_alimentaria_2024/agrucaperes_.jpg,sí
Europa_alimentaria_2024,alimenco,Europa_alimentaria_2024/alimenco.jpg,no
Europa_alimentaria_2024,almendrina_,Europa_alimentaria_2024/almendrina_.jpg,sí
Europa_alimentaria_2024,almensur,Europa_alimentaria_2024/almensur.jpg,no
Europa_alimentaria_2024,almondelli_luis_,Europa_alimentaria_2024/almondelli_luis_.jpg,sí
Europa_alimentaria_2024,berrico_,Europa_alimentaria_2024/berrico_.jpg,sí
Europa_alimentaria_2024,bromex_anna,Europa_alimentaria_2024/bromex_anna.jpg,no
Europa_alimentaria_2024,bromex_annamolka_,Europa_alimentaria_2024/bromex_annamolka_.jpg,sí
Europa_alimentaria_2024,bromex_pawel,Europa_alimentaria_2024/bromex_pawel.jpg,no
Europa_alimentaria_2024,bynlessy_,Europa_alimentaria_2024/bynlessy_.jpg,sí
Europa_alimentaria_2024,calconut_,Europa_alimentaria_2024/calconut_.jpg,sí
Europa_alimentaria_2024,camerino_,Europa_alimentaria_2024/camerino_.jpg,sí
Europa_alimentaria_2024,campelo,Europa_alimentaria_2024/campelo.jpg,no
Europa_alimentaria_2024,carlijincools_,Europa_alimentaria_2024/carlijincools_.jpg,sí
Europa_alimentaria_2024,casalbert_,Europa_alimentaria_2024/casalbert_.jpg,sí
Europa_alimentaria_2024,casamorana,Europa_alimentaria_2024/casamorana.jpg,no
Europa_alimentaria_2024,castrovinci_,Europa_alimentaria_2024/castrovinci_.jpg,sí
Europa_alimentaria_2024,consorciogrupo,Europa_alimentaria_2024/consorciogrupo.jpg,no
Europa_alimentaria_2024,cremades_,Europa_alimentaria_2024/cremades_.jpg,sí
Europa_alimentaria_2024,dagardunha,Europa_alimentaria_2024/dagardunha.jpg,no
Europa_alimentaria_2024,dailydairy_,Europa_alimentaria_2024/dailydairy_.jpg,sí
Europa_alimentaria_2024,davia_,Europa_alimentaria_2024/davia_.jpg,sí
Europa_alimentaria_2024,dd_gianluigi_,Europa_alimentaria_2024/dd_gianluigi_.jpg,sí
Europa_alimentaria_2024,deco_,Europa_alimentaria_2024/deco_.jpg,sí
Europa_alimentaria_2024,delgado_,Europa_alimentaria_2024/delgado_.jpg,sí
Europa_alimentaria_2024,donaire_,Europa_alimentaria_2024/donaire_.jpg,sí
Europa_alimentaria_2024,ecoancheng_,Europa_alimentaria_2024/ecoancheng_.jpg,sí
Europa_alimentaria_2024,fiasconaro,Europa_alimentaria_2024/fiasconaro.jpg,no
Europa_alimentaria_2024,filippone_,Europa_alimentaria_2024/filippone_.jpg,sí
Europa_alimentaria_2024,formia,Europa_alimentaria_2024/formia.jpg,no
Europa_alimentaria_2024,frozencocktails,Europa_alimentaria_2024/frozencocktails.jpg,no
Europa_alimentaria_2024,gamma_,Europa_alimentaria_2024/gamma_.jpg,sí
Europa_alimentaria_2024,goldenexport_,Europa_alimentaria_2024/goldenexport_.jpg,sí
Europa_alimentaria_2024,guglielmi_,Europa_alimentaria_2024/guglielmi_.jpg,sí
Europa_alimentaria_2024,happyfortunes_,Europa_alimentaria_2024/happyfortunes_.jpg,sí
Europa_alimentaria_2024,hispanoitaliano,Europa_alimentaria_2024/hispanoitaliano.jpg,no
Europa_alimentaria_2024,jinxiyuan_,Europa_alimentaria_2024/jinxiyuan_.jpg,sí
Europa_alimentaria_2024,josepllorens_,Europa_alimentaria_2024/josepllorens_.jpg,sí
Europa_alimentaria_2024,kenjofoods_,Europa_alimentaria_2024/kenjofoods_.jpg,sí
Europa_alimentaria_2024,kirli_glu_patricia_,Europa_alimentaria_2024/kirli_glu_patricia_.jpg,sí
Europa_alimentaria_2024,kirli_glu_sadettin_,Europa_alimentaria_2024/kirli_glu_sadettin_.jpg,sí
Europa_alimentaria_2024,kronos_,Europa_alimentaria_2024/kronos_.jpg,sí
Europa_alimentaria_2024,labellasanmarzano_,Europa_alimentaria_2024/labellasanmarzano_.jpg,sí
Europa_alimentaria_2024,lecomptoir,Europa_alimentaria_2024/lecomptoir.jpg,no
Europa_alimentaria_2024,martaburgada,Europa_alimentaria_2024/martaburgada.jpg,no
Europa_alimentaria_2024,minbuza_,Europa_alimentaria_2024/minbuza_.jpg,sí
Europa_alimentaria_2024,molinochiavazza,Europa_alimentaria_2024/molinochiavazza.jpg,no
Europa_alimentaria_2024,monaguillo_,Europa_alimentaria_2024/monaguillo_.jpg,sí
Europa_alimentaria_2024,nanosrl_,Europa_alimentaria_2024/nanosrl_.jpg,sí
Europa_alimentaria_2024,nickvancampen_24ice,Europa_alimentaria_2024/nickvancampen_24ice.jpg,no
Europa_alimentaria_2024,nurer_,Europa_alimentaria_2024/nurer_.jpg,sí
Europa_alimentaria_2024,okf_,Europa_alimentaria_2024/okf_.jpg,sí
Europa_alimentaria_2024,ortuso_,Europa_alimentaria_2024/ortuso_.jpg,sí
Europa_alimentaria_2024,ouji_,Europa_alimentaria_2024/ouji_.jpg,sí
Europa_alimentaria_2024,pancrazio_andrea,Europa_alimentaria_2024/pancrazio_andrea.jpg,no
Europa_alimentaria_2024,pancrazio_paolo,Europa_alimentaria_2024/pancrazio_paolo.jpg,no
Europa_alimentaria_2024,paone,Europa_alimentaria_2024/paone.jpg,no
Europa_alimentaria_2024,pastamontegrappa,Europa_alimentaria_2024/pastamontegrappa.jpg,no
Europa_alimentaria_2024,pesceazzurro,Europa_alimentaria_2024/pesceazzurro.jpg,no
Europa_alimentaria_2024,pooja_,Europa_alimentaria_2024/pooja_.jpg,sí
Europa_alimentaria_2024,portugalfoods_,Europa_alimentaria_2024/portugalfoods_.jpg,sí
Europa_alimentaria_2024,qingdao_,Europa_alimentaria_2024/qingdao_.jpg,sí
Europa_alimentaria_2024,ramonllop_,Europa_alimentaria_2024/ramonllop_.jpg,sí
Europa_alimentaria_2024,redriver_,Europa_alimentaria_2024/redriver_.jpg,sí
Europa_alimentaria_2024,regionalco_,Europa_alimentaria_2024/regionalco_.jpg,sí
Europa_alimentaria_2024,rizzoli,Europa_alimentaria_2024/rizzoli.jpg,no
Europa_alimentaria_2024,sadrym,Europa_alimentaria_2024/sadrym.jpg,no
Europa_alimentaria_2024,senqifood_,Europa_alimentaria_2024/senqifood_.jpg,sí
Europa_alimentaria_2024,shabnam_sara_abbas,Europa_alimentaria_2024/shabnam_sara_abbas.jpg,no
Europa_alimentaria_2024,shabnam_sara_alireza,Europa_alimentaria_2024/shabnam_sara_alireza.jpg,no
Europa_alimentaria_2024,snacksandfoods_,Europa_alimentaria_2024/snacksandfoods_.jpg,sí
Europa_alimentaria_2024,soldealba_chris_,Europa_alimentaria_2024/soldealba_chris_.jpg,sí
Europa_alimentaria_2024,soldealba_ignacio_,Europa_alimentaria_2024/soldealba_ignacio_.jpg,sí
Europa_alimentaria_2024,stdalfour_,Europa_alimentaria_2024/stdalfour_.jpg,sí
Europa_alimentaria_2024,steriltom_,Europa_alimentaria_2024/steriltom_.jpg,sí
Europa_alimentaria_2024,terreexotique,Europa_alimentaria_2024/terreexotique.jpg,no
Europa_alimentaria_2024,trevijano_,Europa_alimentaria_2024/trevijano_.jpg,sí
Europa_alimentaria_2024,turalgroup_,Europa_alimentaria_2024/turalgroup_.jpg,sí
Europa_alimentaria_2024,turalgroup_elkhan_,Europa_alimentaria_2024/turalgroup_elkhan_.jpg,sí
Europa_alimentaria_2024,unda_,Europa_alimentaria_2024/unda_.jpg,sí
Europa_alimentaria_2024,unio_,Europa_alimentaria_2024/unio_.jpg,sí
Europa_alimentaria_2024,villani,Europa_alimentaria_2024/villani.jpg,no
Europa_alimentaria_2024,zhhzfoods_,Europa_alimentaria_2024/zhhzfoods_.jpg,sí
Nacionais,Scan_20260925_160113,Nacionais/Scan_20260925_160113.jpg,no
Nacionais,agrofine_sayed_,Nacionais/agrofine_sayed_.jpg,sí
Nacionais,allbrazilian_,Nacionais/allbrazilian_.jpg,sí
Nacionais,altodaaparecida_,Nacionais/altodaaparecida_.jpg,sí
Nacionais,amendopro_,Nacionais/amendopro_.jpg,sí
Nacionais,apexbrasil_,Nacionais/apexbrasil_.jpg,sí
Nacionais,basement_,Nacionais/basement_.jpg,sí
Nacionais,beiraalta_,Nacionais/beiraalta_.jpg,sí
Nacionais,boxdosantista_,Nacionais/boxdosantista_.jpg,sí
Nacionais,brasflex_,Nacionais/brasflex_.jpg,sí
Nacionais,bscompany_,Nacionais/bscompany_.jpg,sí
Nacionais,capsum,Nacionais/capsum.jpg,no
Nacionais,carolinapepice_,Nacionais/carolinapepice_.jpg,sí
Nacionais,cione_,Nacionais/cione_.jpg,sí
Nacionais,cltransportes_,Nacionais/cltransportes_.jpg,sí
Nacionais,competec_,Nacionais/competec_.jpg,sí
Nacionais,conexa_,Nacionais/conexa_.jpg,sí
Nacionais,copa_cesar_,Nacionais/copa_cesar_.jpg,sí
Nacionais,copa_tulio_,Nacionais/copa_tulio_.jpg,sí
Nacionais,danielebanco_,Nacionais/danielebanco_.jpg,sí
Nacionais,diagroup,Nacionais/diagroup.jpg,no
Nacionais,doutoresdaweb_,Nacionais/doutoresdaweb_.jpg,sí
Nacionais,dsa,Nacionais/dsa.jpg,no
Nacionais,easter_,Nacionais/easter_.jpg,sí
Nacionais,eduardomeirelles_,Nacionais/eduardomeirelles_.jpg,sí
Nacionais,elo_,Nacionais/elo_.jpg,sí
Nacionais,emporiofreicaneca,Nacionais/emporiofreicaneca.jpg,no
Nacionais,estanciavozilda_,Nacionais/estanciavozilda_.jpg,sí
Nacionais,farol_,Nacionais/farol_.jpg,sí
Nacionais,fazendagenerosa_,Nacionais/fazendagenerosa_.jpg,sí
Nacionais,fiab_,Nacionais/fiab_.jpg,sí
Nacionais,flowbar_,Nacionais/flowbar_.jpg,sí
Nacionais,ftrade_,Nacionais/ftrade_.jpg,sí
Nacionais,incubapack,Nacionais/incubapack.jpg,no
Nacionais,invista_,Nacionais/invista_.jpg,sí
Nacionais,invistafidic,Nacionais/invistafidic.jpg,no
Nacionais,jeitodemar_,Nacionais/jeitodemar_.jpg,sí
Nacionais,kse_,Nacionais/kse_.jpg,sí
Nacionais,lotus_,Nacionais/lotus_.jpg,sí
Nacionais,lotus_simone_,Nacionais/lotus_simone_.jpg,sí
Nacionais,marilan_,Nacionais/marilan_.jpg,sí
Nacionais,mcmfoods_,Nacionais/mcmfoods_.jpg,sí
Nacionais,mdq_,Nacionais/mdq_.jpg,sí
Nacionais,mem_,Nacionais/mem_.jpg,sí
Nacionais,militaodacanastra_,Nacionais/militaodacanastra_.jpg,sí
Nacionais,militaodacanastra_reginaldo_,Nacionais/militaodacanastra_reginaldo_.jpg,sí
Nacionais,miraeasset_,Nacionais/miraeasset_.jpg,sí
Nacionais,multiplica_,Nacionais/multiplica_.jpg,sí
Nacionais,normaaudi_,Nacionais/normaaudi_.jpg,sí
Nacionais,nortesul_,Nacionais/nortesul_.jpg,sí
Nacionais,npzanchetta,Nacionais/npzanchetta.jpg,no
Nacionais,oba_,Nacionais/oba_.jpg,sí
Nacionais,obai_,Nacionais/obai_.jpg,sí
Nacionais,paladardeminas_,Nacionais/paladardeminas_.jpg,sí
Nacionais,piracanjuba,Nacionais/piracanjuba.jpg,no
Nacionais,planefisco_,Nacionais/planefisco_.jpg,sí
Nacionais,portaodecambui_,Nacionais/portaodecambui_.jpg,sí
Nacionais,qualita,Nacionais/qualita.jpg,no
Nacionais,queijariabellavista,Nacionais/queijariabellavista.jpg,no
Nacionais,rangel_,Nacionais/rangel_.jpg,sí
Nacionais,rbr_,Nacionais/rbr_.jpg,sí
Nacionais,reginatto_,Nacionais/reginatto_.jpg,sí
Nacionais,ricoy_,Nacionais/ricoy_.jpg,sí
Nacionais,riverglobal_,Nacionais/riverglobal_.jpg,sí
Nacionais,riverglobal_clarice_,Nacionais/riverglobal_clarice_.jpg,sí
Nacionais,riverglobal_leonardo_,Nacionais/riverglobal_leonardo_.jpg,sí
Nacionais,rossato,Nacionais/rossato.jpg,no
Nacionais,rossilho_,Nacionais/rossilho_.jpg,sí
Nacionais,rossilho_lucas_,Nacionais/rossilho_lucas_.jpg,sí
Nacionais,rtrade_,Nacionais/rtrade_.jpg,sí
Nacionais,saberpack_cesar,Nacionais/saberpack_cesar.jpg,no
Nacionais,sartori_ryan_,Nacionais/sartori_ryan_.jpg,sí
Nacionais,sartori_sam_,Nacionais/sartori_sam_.jpg,sí
Nacionais,sifra_,Nacionais/sifra_.jpg,sí
Nacionais,silvania_,Nacionais/silvania_.jpg,sí
Nacionais,sulatlantico_,Nacionais/sulatlantico_.jpg,sí
Nacionais,terrabrasil_,Nacionais/terrabrasil_.jpg,sí
Nacionais,totvs,Nacionais/totvs.jpg,no
Nacionais,transitex,Nacionais/transitex.jpg,no
Nacionais,transitex_federica,Nacionais/transitex_federica.jpg,no
Nacionais,usdec_,Nacionais/usdec_.jpg,sí
Nacionais,usibras_,Nacionais/usibras_.jpg,sí
Oriente,acstfood_,Oriente/acstfood_.jpg,sí
Oriente,afropremium_,Oriente/afropremium_.jpg,sí
Oriente,agrikim_,Oriente/agrikim_.jpg,sí
Oriente,agrim_,Oriente/agrim_.jpg,sí
Oriente,agrotl_,Oriente/agrotl_.jpg,sí
Oriente,aht,Oriente/aht.jpg,no
Oriente,ahtea,Oriente/ahtea.jpg,no
Oriente,alaeael_,Oriente/alaeael_.jpg,sí
Oriente,als_hashini,Oriente/als_hashini.jpg,no
Oriente,als_murtaza,Oriente/als_murtaza.jpg,no
Oriente,amarinternacional,Oriente/amarinternacional.jpg,no
Oriente,anigozi,Oriente/anigozi.jpg,no
Oriente,arisusam_,Oriente/arisusam_.jpg,sí
Oriente,arisusam_begum,Oriente/arisusam_begum.jpg,no
Oriente,artexport_hoangxuan_,Oriente/artexport_hoangxuan_.jpg,sí
Oriente,artexport_juliado_,Oriente/artexport_juliado_.jpg,sí
Oriente,artis_,Oriente/artis_.jpg,sí
Oriente,asagri,Oriente/asagri.jpg,no
Oriente,avantha_,Oriente/avantha_.jpg,sí
Oriente,beijingrep_,Oriente/beijingrep_.jpg,sí
Oriente,bertimex_,Oriente/bertimex_.jpg,sí
Oriente,betrimex,Oriente/betrimex.jpg,no
Oriente,birlik_,Oriente/birlik_.jpg,sí
Oriente,campoeljon_,Oriente/campoeljon_.jpg,sí
Oriente,cancilar_akkoyum_,Oriente/cancilar_akkoyum_.jpg,sí
Oriente,cancilar_huseyn_,Oriente/cancilar_huseyn_.jpg,sí
Oriente,celebes,Oriente/celebes.jpg,no
Oriente,centurypacific_,Oriente/centurypacific_.jpg,sí
Oriente,chinafood_,Oriente/chinafood_.jpg,sí
Oriente,dadifoods_,Oriente/dadifoods_.jpg,sí
Oriente,dakhalia_,Oriente/dakhalia_.jpg,sí
Oriente,dalian_,Oriente/dalian_.jpg,sí
Oriente,danielmok_,Oriente/danielmok_.jpg,sí
Oriente,daskan_,Oriente/daskan_.jpg,sí
Oriente,defne,Oriente/defne.jpg,no
Oriente,delcoco_,Oriente/delcoco_.jpg,sí
Oriente,diaspolis,Oriente/diaspolis.jpg,no
Oriente,dqfood,Oriente/dqfood.jpg,no
Oriente,dsy_,Oriente/dsy_.jpg,sí
Oriente,dsychina_,Oriente/dsychina_.jpg,sí
Oriente,egyptembassy_,Oriente/egyptembassy_.jpg,sí
Oriente,elene,Oriente/elene.jpg,no
Oriente,entegre,Oriente/entegre.jpg,no
Oriente,eroglu_,Oriente/eroglu_.jpg,sí
Oriente,erturk,Oriente/erturk.jpg,no
Oriente,esunrise_,Oriente/esunrise_.jpg,sí
Oriente,fruitlandco_,Oriente/fruitlandco_.jpg,sí
Oriente,fruitlandco_mohamed_,Oriente/fruitlandco_mohamed_.jpg,sí
Oriente,fuxinkang_echo_,Oriente/fuxinkang_echo_.jpg,sí
Oriente,fuxinkang_tina_,Oriente/fuxinkang_tina_.jpg,sí
Oriente,ge1_,Oriente/ge1_.jpg,sí
Oriente,geoorganic_,Oriente/geoorganic_.jpg,sí
Oriente,goodpumpkin_,Oriente/goodpumpkin_.jpg,sí
Oriente,gprfood_,Oriente/gprfood_.jpg,sí
Oriente,grappa,Oriente/grappa.jpg,no
Oriente,grappafod_salihli,Oriente/grappafod_salihli.jpg,no
Oriente,greenoases_,Oriente/greenoases_.jpg,sí
Oriente,greenoases_ayman_,Oriente/greenoases_ayman_.jpg,sí
Oriente,grogentra_,Oriente/grogentra_.jpg,sí
Oriente,grover_,Oriente/grover_.jpg,sí
Oriente,gsexports,Oriente/gsexports.jpg,no
Oriente,gsexports_,Oriente/gsexports_.jpg,sí
Oriente,gvi_sanwar,Oriente/gvi_sanwar.jpg,no
Oriente,gvi_sidarth_,Oriente/gvi_sidarth_.jpg,sí
Oriente,hanfimex_,Oriente/hanfimex_.jpg,sí
Oriente,hfbfood,Oriente/hfbfood.jpg,no
Oriente,ictlk,Oriente/ictlk.jpg,no
Oriente,indagro_,Oriente/indagro_.jpg,sí
Oriente,interoliva,Oriente/interoliva.jpg,no
Oriente,irannut_,Oriente/irannut_.jpg,sí
Oriente,januz,Oriente/januz.jpg,no
Oriente,jkhexp_,Oriente/jkhexp_.jpg,sí
Oriente,jkhexports,Oriente/jkhexports.jpg,no
Oriente,jvnuts_,Oriente/jvnuts_.jpg,sí
Oriente,kanat_,Oriente/kanat_.jpg,sí
Oriente,kanukrishna_deepak,Oriente/kanukrishna_deepak.jpg,no
Oriente,kanukrishna_yash,Oriente/kanukrishna_yash.jpg,no
Oriente,kingland_,Oriente/kingland_.jpg,sí
Oriente,legumex_,Oriente/legumex_.jpg,sí
Oriente,lelia,Oriente/lelia.jpg,no
Oriente,lidyawalnuts,Oriente/lidyawalnuts.jpg,no
Oriente,longdong_,Oriente/longdong_.jpg,sí
Oriente,lontrue_,Oriente/lontrue_.jpg,sí
Oriente,luongquoi_huynth_,Oriente/luongquoi_huynth_.jpg,sí
Oriente,luongquoi_nguyen_,Oriente/luongquoi_nguyen_.jpg,sí
Oriente,meihekou,Oriente/meihekou.jpg,no
Oriente,mignon_,Oriente/mignon_.jpg,sí
Oriente,modern_,Oriente/modern_.jpg,sí
Oriente,mojtababonab_,Oriente/mojtababonab_.jpg,sí
Oriente,murtuza_,Oriente/murtuza_.jpg,sí
Oriente,nihal,Oriente/nihal.jpg,no
Oriente,obai_,Oriente/obai_.jpg,sí
Oriente,obay_,Oriente/obay_.jpg,sí
Oriente,olivellas_,Oriente/olivellas_.jpg,sí
Oriente,orka,Oriente/orka.jpg,no
Oriente,ozgur_ahmet_,Oriente/ozgur_ahmet_.jpg,sí
Oriente,ozgur_alper_,Oriente/ozgur_alper_.jpg,sí
Oriente,parthenon_,Oriente/parthenon_.jpg,sí
Oriente,pearlgroup_,Oriente/pearlgroup_.jpg,sí
Oriente,peppervietnam_,Oriente/peppervietnam_.jpg,sí
Oriente,phucsinh_,Oriente/phucsinh_.jpg,sí
Oriente,primex_fatima,Oriente/primex_fatima.jpg,no
Oriente,prosi_,Oriente/prosi_.jpg,sí
Oriente,qingdao,Oriente/qingdao.jpg,no
Oriente,rahmat_,Oriente/rahmat_.jpg,sí
Oriente,rajmasala_,Oriente/rajmasala_.jpg,sí
Oriente,rashwell,Oriente/rashwell.jpg,no
Oriente,riental,Oriente/riental.jpg,no
Oriente,sana_,Oriente/sana_.jpg,sí
Oriente,sanatraders_,Oriente/sanatraders_.jpg,sí
Oriente,sandyliz,Oriente/sandyliz.jpg,no
Oriente,sasilva_sudhira,Oriente/sasilva_sudhira.jpg,no
Oriente,sekaya,Oriente/sekaya.jpg,no
Oriente,senihracat,Oriente/senihracat.jpg,no
Oriente,seyrek_,Oriente/seyrek_.jpg,sí
Oriente,sfood_,Oriente/sfood_.jpg,sí
Oriente,shandongpastoral,Oriente/shandongpastoral.jpg,no
Oriente,shokooh_,Oriente/shokooh_.jpg,sí
Oriente,shyam,Oriente/shyam.jpg,no
Oriente,sibas_,Oriente/sibas_.jpg,sí
Oriente,silvermill,Oriente/silvermill.jpg,no
Oriente,skyagri_,Oriente/skyagri_.jpg,sí
Oriente,smjspices_,Oriente/smjspices_.jpg,sí
Oriente,spicesource,Oriente/spicesource.jpg,no
Oriente,sterling_,Oriente/sterling_.jpg,sí
Oriente,stfood_,Oriente/stfood_.jpg,sí
Oriente,sungai_heryana,Oriente/sungai_heryana.jpg,no
Oriente,sungai_indra,Oriente/sungai_indra.jpg,no
Oriente,suruchi_,Oriente/suruchi_.jpg,sí
Oriente,tabatadze_,Oriente/tabatadze_.jpg,sí
Oriente,takerng_,Oriente/takerng_.jpg,sí
Oriente,tandsintl,Oriente/tandsintl.jpg,no
Oriente,tflanka,Oriente/tflanka.jpg,no
Oriente,timtas,Oriente/timtas.jpg,no
Oriente,tinmaijsc_,Oriente/tinmaijsc_.jpg,sí
Oriente,topsen_,Oriente/topsen_.jpg,sí
Oriente,tropikal_,Oriente/tropikal_.jpg,sí
Oriente,turkel,Oriente/turkel.jpg,no
Oriente,ukrwalnut_,Oriente/ukrwalnut_.jpg,sí
Oriente,unicomtea_,Oriente/unicomtea_.jpg,sí
Oriente,unitedinc,Oriente/unitedinc.jpg,no
Oriente,urumqi_,Oriente/urumqi_.jpg,sí
Oriente,varafood_,Oriente/varafood_.jpg,sí
Oriente,vegetexco_,Oriente/vegetexco_.jpg,sí
Oriente,vganesh_,Oriente/vganesh_.jpg,sí
Oriente,vida_,Oriente/vida_.jpg,sí
Oriente,vilexim_,Oriente/vilexim_.jpg,sí
Oriente,vinasamex_,Oriente/vinasamex_.jpg,sí
Oriente,visimex_,Oriente/visimex_.jpg,sí
Oriente,wa,Oriente/wa.jpg,no
Oriente,wadifood_,Oriente/wadifood_.jpg,sí
Oriente,waelsoliman,Oriente/waelsoliman.jpg,no
Oriente,waguru_,Oriente/waguru_.jpg,sí
Oriente,walnuts_ge_,Oriente/walnuts_ge_.jpg,sí
Oriente,welhunt_,Oriente/welhunt_.jpg,sí
Oriente,yuanyuan_,Oriente/yuanyuan_.jpg,sí
USA-CANADA,Amexsa_,USA-CANADA/Amexsa_.jpg,sí
USA-CANADA,Andalucia_,USA-CANADA/Andalucia_.jpg,sí
USA-CANADA,BC_Blueberry,USA-CANADA/BC_Blueberry.jpg,no
USA-CANADA,BarBakers_,USA-CANADA/BarBakers_.jpg,sí
USA-CANADA,Buzzballz_,USA-CANADA/Buzzballz_.jpg,sí
USA-CANADA,CHS_,USA-CANADA/CHS_.jpg,sí
USA-CANADA,CarterPecan_Linda_,USA-CANADA/CarterPecan_Linda_.jpg,sí
USA-CANADA,CarterPecan_Peston_,USA-CANADA/CarterPecan_Peston_.jpg,sí
USA-CANADA,Crain_Jessica,USA-CANADA/Crain_Jessica.jpg,no
USA-CANADA,Crain_Kimberly,USA-CANADA/Crain_Kimberly.jpg,no
USA-CANADA,DivinaCastanha_,USA-CANADA/DivinaCastanha_.jpg,sí
USA-CANADA,Fruselva_,USA-CANADA/Fruselva_.jpg,sí
USA-CANADA,Georgia,USA-CANADA/Georgia.jpg,no
USA-CANADA,Horizon_,USA-CANADA/Horizon_.jpg,sí
USA-CANADA,IndoRempah_,USA-CANADA/IndoRempah_.jpg,sí
USA-CANADA,LHHCO_,USA-CANADA/LHHCO_.jpg,sí
USA-CANADA,LTA_,USA-CANADA/LTA_.jpg,no
USA-CANADA,LeAnns_,USA-CANADA/LeAnns_.jpg,no
USA-CANADA,Mobilis,USA-CANADA/Mobilis.jpg,no
USA-CANADA,Mstar_,USA-CANADA/Mstar_.jpg,sí
USA-CANADA,NaturSource_,USA-CANADA/NaturSource_.jpg,sí
USA-CANADA,NaturallyDelicious_,USA-CANADA/NaturallyDelicious_.jpg,sí
USA-CANADA,Oklahoma,USA-CANADA/Oklahoma.jpg,no
USA-CANADA,Oregon_hazelnuts,USA-CANADA/Oregon_hazelnuts.jpg,no
USA-CANADA,RPAC_,USA-CANADA/RPAC_.jpg,sí
USA-CANADA,RanchoPecana_,USA-CANADA/RanchoPecana_.jpg,sí
USA-CANADA,Redgold_,USA-CANADA/Redgold_.jpg,sí
USA-CANADA,Sewfriel_,USA-CANADA/Sewfriel_.jpg,sí
USA-CANADA,Summit,USA-CANADA/Summit.jpg,no
USA-CANADA,Taste_Nature_,USA-CANADA/Taste_Nature_.jpg,sí
USA-CANADA,Terrapinridge_,USA-CANADA/Terrapinridge_.jpg,no
USA-CANADA,Texas,USA-CANADA/Texas.jpg,no
USA-CANADA,TheGreenValley,USA-CANADA/TheGreenValley.jpg,no
USA-CANADA,USPecans_,USA-CANADA/USPecans_.jpg,sí
USA-CANADA,alliance,USA-CANADA/alliance.jpg,no
USA-CANADA,ati_,USA-CANADA/ati_.jpg,sí
USA-CANADA,bluediamond_,USA-CANADA/bluediamond_.jpg,no
USA-CANADA,brauner_,USA-CANADA/brauner_.jpg,sí
USA-CANADA,calranch_,USA-CANADA/calranch_.jpg,sí
USA-CANADA,cocktail_sons_,USA-CANADA/cocktail_sons_.jpg,sí
USA-CANADA,derco_,USA-CANADA/derco_.jpg,sí
USA-CANADA,foodsource_,USA-CANADA/foodsource_.jpg,no
USA-CANADA,freshgate_,USA-CANADA/freshgate_.jpg,sí
USA-CANADA,fruitdor_,USA-CANADA/fruitdor_.jpg,sí
USA-CANADA,geoffreybogart,USA-CANADA/geoffreybogart.jpg,no
USA-CANADA,hidalgo_,USA-CANADA/hidalgo_.jpg,sí
USA-CANADA,hwa_,USA-CANADA/hwa_.jpg,sí
USA-CANADA,izzy_,USA-CANADA/izzy_.jpg,sí
USA-CANADA,logiclogis_,USA-CANADA/logiclogis_.jpg,sí
USA-CANADA,openmarkets,USA-CANADA/openmarkets.jpg,no
USA-CANADA,pncbank_,USA-CANADA/pncbank_.jpg,no
USA-CANADA,ricerglobal_catarina_,USA-CANADA/ricerglobal_catarina_.jpg,sí
USA-CANADA,riverglobal_,USA-CANADA/riverglobal_.jpg,sí
USA-CANADA,rrrk_,USA-CANADA/rrrk_.jpg,no
USA-CANADA,saskan,USA-CANADA/saskan.jpg,no
USA-CANADA,sneakz,USA-CANADA/sneakz.jpg,no
USA-CANADA,usatax_,USA-CANADA/usatax_.jpg,sí
USA-CANADA,wdt_,USA-CANADA/wdt_.jpg,sí
America do Sul,LaNogalera,America do Sul/LaNogalera.jpg,sí
Cheeses,dailydairy_ruben,Cheeses/dailydairy_ruben.jpg,no
